driverRef,forename,surname,dob,nationality,url
hamilton,Lewis,Hamilton,1/7/85,British,http://en.wikipedia.org/wiki/Lewis_Hamilton
heidfeld,Nick,Heidfeld,5/10/77,German,http://en.wikipedia.org/wiki/Nick_Heidfeld
rosberg,Nico,Rosberg,6/27/85,German,http://en.wikipedia.org/wiki/Nico_Rosberg
alonso,Fernando,Alonso,7/29/81,Spanish,http://en.wikipedia.org/wiki/Fernando_Alonso
kovalainen,Heikki,Kovalainen,10/19/81,Finnish,http://en.wikipedia.org/wiki/Heikki_Kovalainen
nakajima,Kazuki,Nakajima,1/11/85,Japanese,http://en.wikipedia.org/wiki/Kazuki_Nakajima
bourdais,Sébastien,Bourdais,2/28/79,French,http://en.wikipedia.org/wiki/S%C3%A9bastien_Bourdais
raikkonen,Kimi,Räikkönen,10/17/79,Finnish,http://en.wikipedia.org/wiki/Kimi_R%C3%A4ikk%C3%B6nen
kubica,Robert,Kubica,12/7/84,Polish,http://en.wikipedia.org/wiki/Robert_Kubica
glock,Timo,Glock,3/18/82,German,http://en.wikipedia.org/wiki/Timo_Glock
sato,Takuma,Sato,1/28/77,Japanese,http://en.wikipedia.org/wiki/Takuma_Sato
piquet_jr,Nelson,Piquet Jr.,7/25/85,Brazilian,"http://en.wikipedia.org/wiki/Nelson_Piquet,_Jr."
massa,Felipe,Massa,4/25/81,Brazilian,http://en.wikipedia.org/wiki/Felipe_Massa
coulthard,David,Coulthard,3/27/71,British,http://en.wikipedia.org/wiki/David_Coulthard
trulli,Jarno,Trulli,7/13/74,Italian,http://en.wikipedia.org/wiki/Jarno_Trulli
sutil,Adrian,Sutil,1/11/83,German,http://en.wikipedia.org/wiki/Adrian_Sutil
webber,Mark,Webber,8/27/76,Australian,http://en.wikipedia.org/wiki/Mark_Webber_(racing_driver)
button,Jenson,Button,1/19/80,British,http://en.wikipedia.org/wiki/Jenson_Button
davidson,Anthony,Davidson,4/18/79,British,http://en.wikipedia.org/wiki/Anthony_Davidson
vettel,Sebastian,Vettel,7/3/87,German,http://en.wikipedia.org/wiki/Sebastian_Vettel
fisichella,Giancarlo,Fisichella,1/14/73,Italian,http://en.wikipedia.org/wiki/Giancarlo_Fisichella
barrichello,Rubens,Barrichello,5/23/72,Brazilian,http://en.wikipedia.org/wiki/Rubens_Barrichello
ralf_schumacher,Ralf,Schumacher,6/30/75,German,http://en.wikipedia.org/wiki/Ralf_Schumacher
liuzzi,Vitantonio,Liuzzi,8/6/80,Italian,http://en.wikipedia.org/wiki/Vitantonio_Liuzzi
wurz,Alexander,Wurz,2/15/74,Austrian,http://en.wikipedia.org/wiki/Alexander_Wurz
speed,Scott,Speed,1/24/83,American,http://en.wikipedia.org/wiki/Scott_Speed
albers,Christijan,Albers,4/16/79,Dutch,http://en.wikipedia.org/wiki/Christijan_Albers
markus_winkelhock,Markus,Winkelhock,6/13/80,German,http://en.wikipedia.org/wiki/Markus_Winkelhock
yamamoto,Sakon,Yamamoto,7/9/82,Japanese,http://en.wikipedia.org/wiki/Sakon_Yamamoto
michael_schumacher,Michael,Schumacher,1/3/69,German,http://en.wikipedia.org/wiki/Michael_Schumacher
montoya,Juan,Pablo Montoya,9/20/75,Colombian,http://en.wikipedia.org/wiki/Juan_Pablo_Montoya
klien,Christian,Klien,2/7/83,Austrian,http://en.wikipedia.org/wiki/Christian_Klien
monteiro,Tiago,Monteiro,7/24/76,Portuguese,http://en.wikipedia.org/wiki/Tiago_Monteiro
ide,Yuji,Ide,1/21/75,Japanese,http://en.wikipedia.org/wiki/Yuji_Ide
villeneuve,Jacques,Villeneuve,4/9/71,Canadian,http://en.wikipedia.org/wiki/Jacques_Villeneuve
montagny,Franck,Montagny,1/5/78,French,http://en.wikipedia.org/wiki/Franck_Montagny
rosa,Pedro,de la Rosa,2/24/71,Spanish,http://en.wikipedia.org/wiki/Pedro_de_la_Rosa
doornbos,Robert,Doornbos,9/23/81,Dutch,http://en.wikipedia.org/wiki/Robert_Doornbos
karthikeyan,Narain,Karthikeyan,1/14/77,Indian,http://en.wikipedia.org/wiki/Narain_Karthikeyan
friesacher,Patrick,Friesacher,9/26/80,Austrian,http://en.wikipedia.org/wiki/Patrick_Friesacher
zonta,Ricardo,Zonta,3/23/76,Brazilian,http://en.wikipedia.org/wiki/Ricardo_Zonta
pizzonia,Antônio,Pizzonia,9/11/80,Brazilian,http://en.wikipedia.org/wiki/Ant%C3%B4nio_Pizzonia
matta,Cristiano,da Matta,9/19/73,Brazilian,http://en.wikipedia.org/wiki/Cristiano_da_Matta
panis,Olivier,Panis,9/2/66,French,http://en.wikipedia.org/wiki/Olivier_Panis
pantano,Giorgio,Pantano,2/4/79,Italian,http://en.wikipedia.org/wiki/Giorgio_Pantano
bruni,Gianmaria,Bruni,5/30/81,Italian,http://en.wikipedia.org/wiki/Gianmaria_Bruni
baumgartner,Zsolt,Baumgartner,1/1/81,Hungarian,http://en.wikipedia.org/wiki/Zsolt_Baumgartner
gene,Marc,Gené,3/29/74,Spanish,http://en.wikipedia.org/wiki/Marc_Gen%C3%A9
frentzen,Heinz-Harald,Frentzen,5/18/67,German,http://en.wikipedia.org/wiki/Heinz-Harald_Frentzen
verstappen,Jos,Verstappen,3/4/72,Dutch,http://en.wikipedia.org/wiki/Jos_Verstappen
wilson,Justin,Wilson,7/31/78,British,http://en.wikipedia.org/wiki/Justin_Wilson_(racing_driver)
firman,Ralph,Firman,5/20/75,Irish,http://en.wikipedia.org/wiki/Ralph_Firman
kiesa,Nicolas,Kiesa,3/3/78,Danish,http://en.wikipedia.org/wiki/Nicolas_Kiesa
burti,Luciano,Burti,3/5/75,Brazilian,http://en.wikipedia.org/wiki/Luciano_Burti
alesi,Jean,Alesi,6/11/64,French,http://en.wikipedia.org/wiki/Jean_Alesi
irvine,Eddie,Irvine,11/10/65,British,http://en.wikipedia.org/wiki/Eddie_Irvine
hakkinen,Mika,Häkkinen,9/28/68,Finnish,http://en.wikipedia.org/wiki/Mika_H%C3%A4kkinen
marques,Tarso,Marques,1/19/76,Brazilian,http://en.wikipedia.org/wiki/Tarso_Marques
bernoldi,Enrique,Bernoldi,10/19/78,Brazilian,http://en.wikipedia.org/wiki/Enrique_Bernoldi
mazzacane,Gastón,Mazzacane,5/8/75,Argentine,http://en.wikipedia.org/wiki/Gast%C3%B3n_Mazzacane
enge,Tomáš,Enge,9/11/76,Czech,http://en.wikipedia.org/wiki/Tom%C3%A1%C5%A1_Enge
yoong,Alex,Yoong,7/20/76,Malaysian,http://en.wikipedia.org/wiki/Alex_Yoong
salo,Mika,Salo,11/30/66,Finnish,http://en.wikipedia.org/wiki/Mika_Salo
diniz,Pedro,Diniz,5/22/70,Brazilian,http://en.wikipedia.org/wiki/Pedro_Diniz
herbert,Johnny,Herbert,6/25/64,British,http://en.wikipedia.org/wiki/Johnny_Herbert
mcnish,Allan,McNish,12/29/69,British,http://en.wikipedia.org/wiki/Allan_McNish
buemi,Sébastien,Buemi,10/31/88,Swiss,http://en.wikipedia.org/wiki/S%C3%A9bastien_Buemi
takagi,Toranosuke,Takagi,2/12/74,Japanese,http://en.wikipedia.org/wiki/Toranosuke_Takagi
badoer,Luca,Badoer,1/25/71,Italian,http://en.wikipedia.org/wiki/Luca_Badoer
zanardi,Alessandro,Zanardi,10/23/66,Italian,http://en.wikipedia.org/wiki/Alex_Zanardi
damon_hill,Damon,Hill,9/17/60,British,http://en.wikipedia.org/wiki/Damon_Hill
sarrazin,Stéphane,Sarrazin,11/2/75,French,http://en.wikipedia.org/wiki/St%C3%A9phane_Sarrazin
rosset,Ricardo,Rosset,7/27/68,Brazilian,http://en.wikipedia.org/wiki/Ricardo_Rosset
tuero,Esteban,Tuero,4/22/78,Argentine,http://en.wikipedia.org/wiki/Esteban_Tuero
nakano,Shinji,Nakano,4/1/71,Japanese,http://en.wikipedia.org/wiki/Shinji_Nakano
magnussen,Jan,Magnussen,7/4/73,Danish,http://en.wikipedia.org/wiki/Jan_Magnussen
berger,Gerhard,Berger,8/27/59,Austrian,http://en.wikipedia.org/wiki/Gerhard_Berger
larini,Nicola,Larini,3/19/64,Italian,http://en.wikipedia.org/wiki/Nicola_Larini
katayama,Ukyo,Katayama,5/29/63,Japanese,http://en.wikipedia.org/wiki/Ukyo_Katayama
sospiri,Vincenzo,Sospiri,10/7/66,Italian,http://en.wikipedia.org/wiki/Vincenzo_Sospiri
morbidelli,Gianni,Morbidelli,1/13/68,Italian,http://en.wikipedia.org/wiki/Gianni_Morbidelli
fontana,Norberto,Fontana,1/20/75,Argentine,http://en.wikipedia.org/wiki/Norberto_Fontana
lamy,Pedro,Lamy,3/20/72,Portuguese,http://en.wikipedia.org/wiki/Pedro_Lamy
brundle,Martin,Brundle,6/1/59,British,http://en.wikipedia.org/wiki/Martin_Brundle
montermini,Andrea,Montermini,5/30/64,Italian,http://en.wikipedia.org/wiki/Andrea_Montermini
lavaggi,Giovanni,Lavaggi,2/18/58,Italian,http://en.wikipedia.org/wiki/Giovanni_Lavaggi
blundell,Mark,Blundell,4/8/66,British,http://en.wikipedia.org/wiki/Mark_Blundell
suzuki,Aguri,Suzuki,9/8/60,Japanese,http://en.wikipedia.org/wiki/Aguri_Suzuki
inoue,Taki,Inoue,9/5/63,Japanese,http://en.wikipedia.org/wiki/Taki_Inoue
moreno,Roberto,Moreno,2/11/59,Brazilian,http://en.wikipedia.org/wiki/Roberto_Moreno
wendlinger,Karl,Wendlinger,12/20/68,Austrian,http://en.wikipedia.org/wiki/Karl_Wendlinger
gachot,Bertrand,Gachot,12/23/62,Belgian,http://en.wikipedia.org/wiki/Bertrand_Gachot
schiattarella,Domenico,Schiattarella,11/17/67,Italian,http://en.wikipedia.org/wiki/Domenico_Schiattarella
martini,Pierluigi,Martini,4/23/61,Italian,http://en.wikipedia.org/wiki/Pierluigi_Martini
mansell,Nigel,Mansell,8/8/53,British,http://en.wikipedia.org/wiki/Nigel_Mansell
boullion,Jean-Christophe,Boullion,12/27/69,French,http://en.wikipedia.org/wiki/Jean-Christophe_Boullion
papis,Massimiliano,Papis,10/3/69,Italian,http://en.wikipedia.org/wiki/Massimiliano_Papis
deletraz,Jean-Denis,Délétraz,10/1/63,Swiss,http://en.wikipedia.org/wiki/Jean-Denis_Deletraz
tarquini,Gabriele,Tarquini,3/2/62,Italian,http://en.wikipedia.org/wiki/Gabriele_Tarquini
comas,Érik,Comas,9/28/63,French,http://en.wikipedia.org/wiki/%C3%89rik_Comas
brabham,David,Brabham,9/5/65,Australian,http://en.wikipedia.org/wiki/David_Brabham
senna,Ayrton,Senna,3/21/60,Brazilian,http://en.wikipedia.org/wiki/Ayrton_Senna
bernard,Éric,Bernard,8/24/64,French,http://en.wikipedia.org/wiki/%C3%89ric_Bernard
fittipaldi,Christian,Fittipaldi,1/18/71,Brazilian,http://en.wikipedia.org/wiki/Christian_Fittipaldi
alboreto,Michele,Alboreto,12/23/56,Italian,http://en.wikipedia.org/wiki/Michele_Alboreto
beretta,Olivier,Beretta,11/23/69,Monegasque,http://en.wikipedia.org/wiki/Olivier_Beretta
ratzenberger,Roland,Ratzenberger,7/4/60,Austrian,http://en.wikipedia.org/wiki/Roland_Ratzenberger
belmondo,Paul,Belmondo,4/23/63,French,http://en.wikipedia.org/wiki/Paul_Belmondo
lehto,Jyrki,Järvilehto,1/31/66,Finnish,http://en.wikipedia.org/wiki/Jyrki_J%C3%A4rvilehto
cesaris,Andrea,de Cesaris,5/31/59,Italian,http://en.wikipedia.org/wiki/Andrea_de_Cesaris
gounon,Jean-Marc,Gounon,1/1/63,French,http://en.wikipedia.org/wiki/Jean-Marc_Gounon
alliot,Philippe,Alliot,7/27/54,French,http://en.wikipedia.org/wiki/Philippe_Alliot
adams,Philippe,Adams,11/19/69,Belgian,http://en.wikipedia.org/wiki/Philippe_Adams
dalmas,Yannick,Dalmas,7/28/61,French,http://en.wikipedia.org/wiki/Yannick_Dalmas
noda,Hideki,Noda,3/7/69,Japanese,http://en.wikipedia.org/wiki/Hideki_Noda
lagorce,Franck,Lagorce,9/1/68,French,http://en.wikipedia.org/wiki/Franck_Lagorce
prost,Alain,Prost,2/24/55,French,http://en.wikipedia.org/wiki/Alain_Prost
warwick,Derek,Warwick,8/27/54,British,http://en.wikipedia.org/wiki/Derek_Warwick
patrese,Riccardo,Patrese,4/17/54,Italian,http://en.wikipedia.org/wiki/Riccardo_Patrese
barbazza,Fabrizio,Barbazza,4/2/63,Italian,http://en.wikipedia.org/wiki/Fabrizio_Barbazza
andretti,Michael,Andretti,10/5/62,American,http://en.wikipedia.org/wiki/Michael_Andretti
capelli,Ivan,Capelli,5/24/63,Italian,http://en.wikipedia.org/wiki/Ivan_Capelli
boutsen,Thierry,Boutsen,7/13/57,Belgian,http://en.wikipedia.org/wiki/Thierry_Boutsen
apicella,Marco,Apicella,10/7/65,Italian,http://en.wikipedia.org/wiki/Marco_Apicella
naspetti,Emanuele,Naspetti,2/24/68,Italian,http://en.wikipedia.org/wiki/Emanuele_Naspetti
toshio_suzuki,Toshio,Suzuki,3/10/55,Japanese,http://en.wikipedia.org/wiki/Toshio_Suzuki_(driver)
gugelmin,Maurício,Gugelmin,4/20/63,Brazilian,http://en.wikipedia.org/wiki/Maur%C3%ADcio_Gugelmin
poele,Eric,van de Poele,9/30/61,Belgian,http://en.wikipedia.org/wiki/Eric_van_de_Poele
grouillard,Olivier,Grouillard,9/2/58,French,http://en.wikipedia.org/wiki/Olivier_Grouillard
chiesa,Andrea,Chiesa,5/6/64,Swiss,http://en.wikipedia.org/wiki/Andrea_Chiesa
modena,Stefano,Modena,5/12/63,Italian,http://en.wikipedia.org/wiki/Stefano_Modena
amati,Giovanna,Amati,7/20/59,Italian,http://en.wikipedia.org/wiki/Giovanna_Amati
caffi,Alex,Caffi,3/18/64,Italian,http://en.wikipedia.org/wiki/Alex_Caffi
bertaggia,Enrico,Bertaggia,9/19/64,Italian,http://en.wikipedia.org/wiki/Enrico_Bertaggia
mccarthy,Perry,McCarthy,3/3/61,British,http://en.wikipedia.org/wiki/Perry_McCarthy
lammers,Jan,Lammers,6/2/56,Dutch,http://en.wikipedia.org/wiki/Jan_Lammers
piquet,Nelson,Piquet,8/17/52,Brazilian,http://en.wikipedia.org/wiki/Nelson_Piquet
satoru_nakajima,Satoru,Nakajima,2/23/53,Japanese,http://en.wikipedia.org/wiki/Satoru_Nakajima
pirro,Emanuele,Pirro,1/12/62,Italian,http://en.wikipedia.org/wiki/Emanuele_Pirro
johansson,Stefan,Johansson,9/8/56,Swedish,http://en.wikipedia.org/wiki/Stefan_Johansson
bailey,Julian,Bailey,10/9/61,British,http://en.wikipedia.org/wiki/Julian_Bailey
chaves,Pedro,Chaves,2/27/65,Portuguese,http://en.wikipedia.org/wiki/Pedro_Chaves
bartels,Michael,Bartels,3/8/68,German,http://en.wikipedia.org/wiki/Michael_Bartels
hattori,Naoki,Hattori,6/13/66,Japanese,http://en.wikipedia.org/wiki/Naoki_Hattori
nannini,Alessandro,Nannini,7/7/59,Italian,http://en.wikipedia.org/wiki/Alessandro_Nannini
schneider,Bernd,Schneider,7/20/64,German,http://en.wikipedia.org/wiki/Bernd_Schneider_(racecar_driver)
barilla,Paolo,Barilla,4/20/61,Italian,http://en.wikipedia.org/wiki/Paolo_Barilla
foitek,Gregor,Foitek,3/27/65,Swiss,http://en.wikipedia.org/wiki/Gregor_Foitek
langes,Claudio,Langes,7/20/60,Italian,http://en.wikipedia.org/wiki/Claudio_Langes
gary_brabham,Gary,Brabham,3/29/61,Australian,http://en.wikipedia.org/wiki/Gary_Brabham
donnelly,Martin,Donnelly,3/26/64,British,http://en.wikipedia.org/wiki/Martin_Donnelly_(racing_driver)
giacomelli,Bruno,Giacomelli,9/10/52,Italian,http://en.wikipedia.org/wiki/Bruno_Giacomelli
alguersuari,Jaime,Alguersuari,3/23/90,Spanish,http://en.wikipedia.org/wiki/Jaime_Alguersuari
grosjean,Romain,Grosjean,4/17/86,French,http://en.wikipedia.org/wiki/Romain_Grosjean
kobayashi,Kamui,Kobayashi,9/13/86,Japanese,http://en.wikipedia.org/wiki/Kamui_Kobayashi
palmer,Jonathan,Palmer,11/7/56,British,http://en.wikipedia.org/wiki/Jonathan_Palmer
danner,Christian,Danner,4/4/58,German,http://en.wikipedia.org/wiki/Christian_Danner
cheever,Eddie,Cheever,1/10/58,American,http://en.wikipedia.org/wiki/Eddie_Cheever
sala,Luis,Pérez-Sala,5/15/59,Spanish,http://en.wikipedia.org/wiki/Luis_Perez-Sala
ghinzani,Piercarlo,Ghinzani,1/16/52,Italian,http://en.wikipedia.org/wiki/Piercarlo_Ghinzani
weidler,Volker,Weidler,3/18/62,German,http://en.wikipedia.org/wiki/Volker_Weidler
raphanel,Pierre-Henri,Raphanel,5/27/61,French,http://en.wikipedia.org/wiki/Pierre-Henri_Raphanel
arnoux,René,Arnoux,7/4/48,French,http://en.wikipedia.org/wiki/Ren%C3%A9_Arnoux
joachim_winkelhock,Joachim,Winkelhock,10/24/60,German,http://en.wikipedia.org/wiki/Joachim_Winkelhock
larrauri,Oscar,Larrauri,8/19/54,Argentine,http://en.wikipedia.org/wiki/Oscar_Larrauri
streiff,Philippe,Streiff,6/26/55,French,http://en.wikipedia.org/wiki/Philippe_Streiff
campos,Adrián,Campos,6/17/60,Spanish,http://en.wikipedia.org/wiki/Adri%C3%A1n_Campos
schlesser,Jean-Louis,Schlesser,9/12/48,French,http://en.wikipedia.org/wiki/Jean-Louis_Schlesser
fabre,Pascal,Fabre,1/9/60,French,http://en.wikipedia.org/wiki/Pascal_Fabre
fabi,Teo,Fabi,3/9/55,Italian,http://en.wikipedia.org/wiki/Teo_Fabi
forini,Franco,Forini,9/22/58,Swiss,http://en.wikipedia.org/wiki/Franco_Forini
laffite,Jacques,Laffite,11/21/43,French,http://en.wikipedia.org/wiki/Jacques_Laffite
angelis,Elio,de Angelis,3/26/58,Italian,http://en.wikipedia.org/wiki/Elio_de_Angelis
dumfries,Johnny,Dumfries,4/26/58,British,http://en.wikipedia.org/wiki/Johnny_Dumfries
tambay,Patrick,Tambay,6/25/49,French,http://en.wikipedia.org/wiki/Patrick_Tambay
surer,Marc,Surer,9/18/51,Swiss,http://en.wikipedia.org/wiki/Marc_Surer
keke_rosberg,Keke,Rosberg,12/6/48,Finnish,http://en.wikipedia.org/wiki/Keke_Rosberg
jones,Alan,Jones,11/2/46,Australian,http://en.wikipedia.org/wiki/Alan_Jones_(Formula_1)
rothengatter,Huub,Rothengatter,10/8/54,Dutch,http://en.wikipedia.org/wiki/Huub_Rothengatter
berg,Allen,Berg,8/1/61,Canadian,http://en.wikipedia.org/wiki/Allen_Berg
manfred_winkelhock,Manfred,Winkelhock,10/6/51,German,http://en.wikipedia.org/wiki/Manfred_Winkelhock
lauda,Niki,Lauda,2/22/49,Austrian,http://en.wikipedia.org/wiki/Niki_Lauda
hesnault,François,Hesnault,12/30/56,French,http://en.wikipedia.org/wiki/Fran%C3%A7ois_Hesnault
baldi,Mauro,Baldi,1/31/54,Italian,http://en.wikipedia.org/wiki/Mauro_Baldi
bellof,Stefan,Bellof,11/20/57,German,http://en.wikipedia.org/wiki/Stefan_Bellof
acheson,Kenny,Acheson,11/27/57,British,http://en.wikipedia.org/wiki/Kenny_Acheson
watson,John,Watson,5/4/46,British,http://en.wikipedia.org/wiki/John_Watson_(racing_driver)
cecotto,Johnny,Cecotto,1/25/56,Venezuelan,http://en.wikipedia.org/wiki/Johnny_Cecotto
gartner,Jo,Gartner,1/24/54,Austrian,http://en.wikipedia.org/wiki/Jo_Gartner
corrado_fabi,Corrado,Fabi,4/12/61,Italian,http://en.wikipedia.org/wiki/Corrado_Fabi
thackwell,Mike,Thackwell,3/30/61,New Zealander,http://en.wikipedia.org/wiki/Mike_Thackwell
serra,Chico,Serra,2/3/57,Brazilian,http://en.wikipedia.org/wiki/Chico_Serra
sullivan,Danny,Sullivan,3/9/50,American,http://en.wikipedia.org/wiki/Danny_Sullivan
salazar,Eliseo,Salazar,11/14/54,Chilean,http://en.wikipedia.org/wiki/Eliseo_Salazar
guerrero,Roberto,Guerrero,11/16/58,Colombian,http://en.wikipedia.org/wiki/Roberto_Guerrero
boesel,Raul,Boesel,12/4/57,Brazilian,http://en.wikipedia.org/wiki/Raul_Boesel
jarier,Jean-Pierre,Jarier,7/10/46,French,http://en.wikipedia.org/wiki/Jean-Pierre_Jarier
villeneuve_sr,Jacques,Villeneuve Sr.,11/4/53,Canadian,http://en.wikipedia.org/wiki/Jacques_Villeneuve_(elder)
reutemann,Carlos,Reutemann,4/12/42,Argentine,http://en.wikipedia.org/wiki/Carlos_Reutemann
mass,Jochen,Mass,9/30/46,German,http://en.wikipedia.org/wiki/Jochen_Mass
borgudd,Slim,Borgudd,11/25/46,Swedish,http://en.wikipedia.org/wiki/Slim_Borgudd
pironi,Didier,Pironi,3/26/52,French,http://en.wikipedia.org/wiki/Didier_Pironi
gilles_villeneuve,Gilles,Villeneuve,1/18/50,Canadian,http://en.wikipedia.org/wiki/Gilles_Villeneuve
paletti,Riccardo,Paletti,6/15/58,Italian,http://en.wikipedia.org/wiki/Riccardo_Paletti
henton,Brian,Henton,9/19/46,British,http://en.wikipedia.org/wiki/Brian_Henton
daly,Derek,Daly,3/11/53,Irish,http://en.wikipedia.org/wiki/Derek_Daly
mario_andretti,Mario,Andretti,2/28/40,American,http://en.wikipedia.org/wiki/Mario_Andretti
villota,Emilio,de Villota,7/26/46,Spanish,http://en.wikipedia.org/wiki/Emilio_de_Villota
lees,Geoff,Lees,5/1/51,British,http://en.wikipedia.org/wiki/Geoff_Lees
byrne,Tommy,Byrne,5/6/58,Irish,http://en.wikipedia.org/wiki/Tommy_Byrne_%28racing_driver%29
keegan,Rupert,Keegan,2/26/55,British,http://en.wikipedia.org/wiki/Rupert_Keegan
rebaque,Hector,Rebaque,2/5/56,Mexican,http://en.wikipedia.org/wiki/Hector_Rebaque
gabbiani,Beppe,Gabbiani,1/2/57,Italian,http://en.wikipedia.org/wiki/Beppe_Gabbiani
cogan,Kevin,Cogan,3/31/56,American,http://en.wikipedia.org/wiki/Kevin_Cogan
guerra,Miguel Ángel,Guerra,8/31/53,Argentine,http://en.wikipedia.org/wiki/Miguel_Angel_Guerra
stohr,Siegfried,Stohr,10/10/52,Italian,http://en.wikipedia.org/wiki/Siegfried_Stohr
zunino,Ricardo,Zunino,4/13/49,Argentine,http://en.wikipedia.org/wiki/Ricardo_Zunino
londono,Ricardo,Londoño,8/8/49,Colombian,http://en.wikipedia.org/wiki/Ricardo_Londo%C3%B1o
jabouille,Jean-Pierre,Jabouille,10/1/42,French,http://en.wikipedia.org/wiki/Jean-Pierre_Jabouille
francia,Giorgio,Francia,11/8/47,Italian,http://en.wikipedia.org/wiki/Giorgio_Francia
depailler,Patrick,Depailler,8/9/44,French,http://en.wikipedia.org/wiki/Patrick_Depailler
scheckter,Jody,Scheckter,1/29/50,South African,http://en.wikipedia.org/wiki/Jody_Scheckter
regazzoni,Clay,Regazzoni,9/5/39,Swiss,http://en.wikipedia.org/wiki/Clay_Regazzoni
emerson_fittipaldi,Emerson,Fittipaldi,12/12/46,Brazilian,http://en.wikipedia.org/wiki/Emerson_Fittipaldi
kennedy,Dave,Kennedy,1/15/53,Irish,http://en.wikipedia.org/wiki/David_Kennedy_(racing_driver)
south,Stephen,South,2/19/52,British,http://en.wikipedia.org/wiki/Stephen_South
needell,Tiff,Needell,10/29/51,British,http://en.wikipedia.org/wiki/Tiff_Needell
desire_wilson,Desiré,Wilson,11/26/53,South African,http://en.wikipedia.org/wiki/Desir%C3%A9_Wilson
ertl,Harald,Ertl,8/31/48,Austrian,http://en.wikipedia.org/wiki/Harald_Ertl
brambilla,Vittorio,Brambilla,11/11/37,Italian,http://en.wikipedia.org/wiki/Vittorio_Brambilla
hunt,James,Hunt,8/29/47,British,http://en.wikipedia.org/wiki/James_Hunt
merzario,Arturo,Merzario,3/11/43,Italian,http://en.wikipedia.org/wiki/Arturo_Merzario
stuck,Hans-Joachim,Stuck,1/1/51,German,http://en.wikipedia.org/wiki/Hans_Joachim_Stuck
brancatelli,Gianfranco,Brancatelli,1/18/50,Italian,http://en.wikipedia.org/wiki/Gianfranco_Brancatelli
ickx,Jacky,Ickx,1/1/45,Belgian,http://en.wikipedia.org/wiki/Jacky_Ickx
gaillard,Patrick,Gaillard,2/12/52,French,http://en.wikipedia.org/wiki/Patrick_Gaillard
ribeiro,Alex,Ribeiro,11/7/48,Brazilian,http://en.wikipedia.org/wiki/Alex_Ribeiro
peterson,Ronnie,Peterson,2/14/44,Swedish,http://en.wikipedia.org/wiki/Ronnie_Peterson
lunger,Brett,Lunger,11/14/45,American,http://en.wikipedia.org/wiki/Brett_Lunger
ongais,Danny,Ongais,5/21/42,American,http://en.wikipedia.org/wiki/Danny_Ongais
leoni,Lamberto,Leoni,5/24/53,Italian,http://en.wikipedia.org/wiki/Lamberto_Leoni
galica,Divina,Galica,8/13/44,British,http://en.wikipedia.org/wiki/Divina_Galica
stommelen,Rolf,Stommelen,7/11/43,German,http://en.wikipedia.org/wiki/Rolf_Stommelen
colombo,Alberto,Colombo,2/23/46,Italian,http://en.wikipedia.org/wiki/Alberto_Colombo
trimmer,Tony,Trimmer,1/24/43,British,http://en.wikipedia.org/wiki/Tony_Trimmer
binder,Hans,Binder,6/12/48,Austrian,http://en.wikipedia.org/wiki/Hans_Binder
bleekemolen,Michael,Bleekemolen,10/2/49,Dutch,http://en.wikipedia.org/wiki/Michael_Bleekemolen
gimax,Carlo,Franchi,1/1/38,Italian,http://en.wikipedia.org/wiki/Gimax
rahal,Bobby,Rahal,1/10/53,American,http://en.wikipedia.org/wiki/Bobby_Rahal
pace,Carlos,Pace,10/6/44,Brazilian,http://en.wikipedia.org/wiki/Carlos_Pace
ian_scheckter,Ian,Scheckter,8/22/47,South African,http://en.wikipedia.org/wiki/Ian_Scheckter
pryce,Tom,Pryce,6/11/49,British,http://en.wikipedia.org/wiki/Tom_Pryce
hoffmann,Ingo,Hoffmann,2/28/53,Brazilian,http://en.wikipedia.org/wiki/Ingo_Hoffmann
zorzi,Renzo,Zorzi,12/12/46,Italian,http://en.wikipedia.org/wiki/Renzo_Zorzi
nilsson,Gunnar,Nilsson,11/20/48,Swedish,http://en.wikipedia.org/wiki/Gunnar_Nilsson
perkins,Larry,Perkins,3/18/50,Australian,http://en.wikipedia.org/wiki/Larry_Perkins
hayje,Boy,Lunger,5/3/49,Dutch,http://en.wikipedia.org/wiki/Boy_Hayje
neve,Patrick,Nève,10/13/49,Belgian,http://en.wikipedia.org/wiki/Patrick_Neve
purley,David,Purley,1/26/45,British,http://en.wikipedia.org/wiki/David_Purley
andersson,Conny,Andersson,12/28/39,Swedish,http://en.wikipedia.org/wiki/Conny_Andersson_(racing_driver)
dryver,Bernard,de Dryver,9/19/52,Belgian,http://en.wikipedia.org/wiki/Bernard_de_Dryver
oliver,Jackie,Oliver,8/14/42,British,http://en.wikipedia.org/wiki/Jackie_Oliver
kozarowitzky,Mikko,Kozarowitzky,5/17/48,Finnish,http://en.wikipedia.org/wiki/Mikko_Kozarowitzky
sutcliffe,Andy,Sutcliffe,5/9/47,British,http://en.wikipedia.org/wiki/Andy_Sutcliffe
edwards,Guy,Edwards,12/30/42,British,http://en.wikipedia.org/wiki/Guy_Edwards
mcguire,Brian,McGuire,12/13/45,Australian,http://en.wikipedia.org/wiki/Brian_McGuire
schuppan,Vern,Schuppan,3/19/43,Australian,http://en.wikipedia.org/wiki/Vern_Schuppan
heyer,Hans,Heyer,3/16/43,German,http://en.wikipedia.org/wiki/Hans_Heyer
pilette,Teddy,Pilette,7/26/42,Belgian,http://en.wikipedia.org/wiki/Teddy_Pilette
ashley,Ian,Ashley,10/26/47,British,http://en.wikipedia.org/wiki/Ian_Ashley
kessel,Loris,Kessel,4/1/50,Swiss,http://en.wikipedia.org/wiki/Loris_Kessel
takahashi,Kunimitsu,Takahashi,1/29/40,Japanese,http://en.wikipedia.org/wiki/Kunimitsu_Takahashi
hoshino,Kazuyoshi,Hoshino,7/1/47,Japanese,http://en.wikipedia.org/wiki/Kazuyoshi_Hoshino
takahara,Noritake,Takahara,6/6/51,Japanese,http://en.wikipedia.org/wiki/Noritake_Takahara
lombardi,Lella,Lombardi,3/26/41,Italian,http://en.wikipedia.org/wiki/Lella_Lombardi
evans,Bob,Evans,6/11/47,British,http://en.wikipedia.org/wiki/Bob_Evans_(race_driver)
leclere,Michel,Leclère,3/18/46,French,http://en.wikipedia.org/wiki/Michel_Lecl%C3%A8re
amon,Chris,Amon,7/20/43,New Zealander,http://en.wikipedia.org/wiki/Chris_Amon
zapico,Emilio,Zapico,5/27/44,Spanish,http://en.wikipedia.org/wiki/Emilio_Zapico
pescarolo,Henri,Pescarolo,9/25/42,French,http://en.wikipedia.org/wiki/Henri_Pescarolo
nelleman,Jac,Nelleman,4/19/44,Danish,http://en.wikipedia.org/wiki/Jac_Nelleman
magee,Damien,Magee,11/17/45,British,http://en.wikipedia.org/wiki/Damien_Magee
wilds,Mike,Wilds,1/7/46,British,http://en.wikipedia.org/wiki/Mike_Wilds
pesenti_rossi,Alessandro,Pesenti-Rossi,8/31/42,Italian,http://en.wikipedia.org/wiki/Alessandro_Pesenti-Rossi
stuppacher,Otto,Stuppacher,3/3/47,Austrian,http://en.wikipedia.org/wiki/Otto_Stuppacher
brown,Warwick,Brown,12/24/49,Australian,http://en.wikipedia.org/wiki/Warwick_Brown
hasemi,Masahiro,Hasemi,11/13/45,Japanese,http://en.wikipedia.org/wiki/Masahiro_Hasemi
donohue,Mark,Donohue,3/18/37,American,http://en.wikipedia.org/wiki/Mark_Donohue
hill,Graham,Hill,2/15/29,British,http://en.wikipedia.org/wiki/Graham_Hill
wilson_fittipaldi,Wilson,Fittipaldi,12/25/43,Brazilian,http://en.wikipedia.org/wiki/Wilson_Fittipaldi
tunmer,Guy,Tunmer,12/1/48,South African,http://en.wikipedia.org/wiki/Guy_Tunmer
keizan,Eddie,Keizan,9/12/44,South African,http://en.wikipedia.org/wiki/Eddie_Keizan
charlton,Dave,Charlton,10/27/36,South African,http://en.wikipedia.org/wiki/Dave_Charlton
brise,Tony,Brise,3/28/52,British,http://en.wikipedia.org/wiki/Tony_Brise
wunderink,Roelof,Wunderink,12/12/48,Dutch,http://en.wikipedia.org/wiki/Roelof_Wunderink
migault,François,Migault,12/4/44,French,http://en.wikipedia.org/wiki/Fran%C3%A7ois_Migault
palm,Torsten,Palm,7/23/47,Swedish,http://en.wikipedia.org/wiki/Torsten_Palm
lennep,Gijs,van Lennep,3/16/42,Dutch,http://en.wikipedia.org/wiki/Gijs_Van_Lennep
fushida,Hiroshi,Fushida,3/10/46,Japanese,http://en.wikipedia.org/wiki/Hiroshi_Fushida
nicholson,John,Nicholson,10/6/41,New Zealander,http://en.wikipedia.org/wiki/John_Nicholson_(racing_driver)
morgan,Dave,Morgan,8/7/44,British,http://en.wikipedia.org/wiki/Dave_Morgan_(racing_driver)
crawford,Jim,Crawford,2/13/48,British,http://en.wikipedia.org/wiki/Jim_Crawford_(driver)
vonlanthen,Jo,Vonlanthen,5/31/42,Swiss,http://en.wikipedia.org/wiki/Jo_Vonlanthen
hulme,Denny,Hulme,6/18/36,New Zealander,http://en.wikipedia.org/wiki/Denny_Hulme
hailwood,Mike,Hailwood,4/2/40,British,http://en.wikipedia.org/wiki/Mike_Hailwood
beltoise,Jean-Pierre,Beltoise,4/26/37,French,http://en.wikipedia.org/wiki/Jean-Pierre_Beltoise
ganley,Howden,Ganley,12/24/41,New Zealander,http://en.wikipedia.org/wiki/Howden_Ganley
robarts,Richard,Robarts,9/22/44,British,http://en.wikipedia.org/wiki/Richard_Robarts
revson,Peter,Revson,2/27/39,American,http://en.wikipedia.org/wiki/Peter_Revson
driver,Paddy,Driver,5/13/34,South African,http://en.wikipedia.org/wiki/Paddy_Driver
belso,Tom,Belsø,8/27/42,Danish,http://en.wikipedia.org/wiki/Tom_Bels%C3%B8
redman,Brian,Redman,3/9/37,British,http://en.wikipedia.org/wiki/Brian_Redman
opel,Rikky,von Opel,10/14/47,Liechtensteiner,http://en.wikipedia.org/wiki/Rikky_von_Opel
schenken,Tim,Schenken,9/26/43,Australian,http://en.wikipedia.org/wiki/Tim_Schenken
larrousse,Gérard,Larrousse,5/23/40,French,http://en.wikipedia.org/wiki/G%C3%A9rard_Larrousse
kinnunen,Leo,Kinnunen,8/5/43,Finnish,http://en.wikipedia.org/wiki/Leo_Kinnunen
wisell,Reine,Wisell,9/30/41,Swedish,http://en.wikipedia.org/wiki/Reine_Wisell
roos,Bertil,Roos,10/12/43,Swedish,http://en.wikipedia.org/wiki/Bertil_Roos
dolhem,José,Dolhem,4/26/44,French,http://en.wikipedia.org/wiki/Jos%C3%A9_Dolhem
gethin,Peter,Gethin,2/21/40,British,http://en.wikipedia.org/wiki/Peter_Gethin
bell,Derek,Bell,10/31/41,British,http://en.wikipedia.org/wiki/Derek_Bell_(auto_racer)
hobbs,David,Hobbs,6/9/39,British,http://en.wikipedia.org/wiki/David_Hobbs_(racing_driver)
quester,Dieter,Quester,5/30/39,Austrian,http://en.wikipedia.org/wiki/Dieter_Quester
koinigg,Helmuth,Koinigg,11/3/48,Austrian,http://en.wikipedia.org/wiki/Helmuth_Koinigg
facetti,Carlo,Facetti,6/26/35,Italian,http://en.wikipedia.org/wiki/Carlo_Facetti
wietzes,Eppie,Wietzes,5/28/38,Canadian,http://en.wikipedia.org/wiki/Eppie_Wietzes
cevert,François,Cevert,2/25/44,French,http://en.wikipedia.org/wiki/Fran%C3%A7ois_Cevert
stewart,Jackie,Stewart,6/11/39,British,http://en.wikipedia.org/wiki/Jackie_Stewart
beuttler,Mike,Beuttler,4/13/40,British,http://en.wikipedia.org/wiki/Mike_Beuttler
galli,Nanni,Galli,10/2/40,Italian,http://en.wikipedia.org/wiki/Nanni_Galli
bueno,Luiz,Bueno,1/16/37,Brazilian,http://en.wikipedia.org/wiki/Luiz_Bueno
follmer,George,Follmer,1/27/34,American,http://en.wikipedia.org/wiki/George_Follmer
adamich,Andrea,de Adamich,10/3/41,Italian,http://en.wikipedia.org/wiki/Andrea_de_Adamich
pretorius,Jackie,Pretorius,11/22/34,South African,http://en.wikipedia.org/wiki/Jackie_Pretorius
williamson,Roger,Williamson,2/2/48,British,http://en.wikipedia.org/wiki/Roger_Williamson
mcrae,Graham,McRae,3/5/40,New Zealander,http://en.wikipedia.org/wiki/Graham_McRae
marko,Helmut,Marko,4/27/43,Austrian,http://en.wikipedia.org/wiki/Helmut_Marko
walker,David,Walker,6/10/41,Australian,http://en.wikipedia.org/wiki/David_Walker_(racing_driver)
roig,Alex,Soler-Roig,10/29/32,Spanish,http://en.wikipedia.org/wiki/Alex_Soler-Roig
love,John,Love,12/7/24,Rhodesian,http://en.wikipedia.org/wiki/John_Love_(racing_driver)
surtees,John,Surtees,2/11/34,British,http://en.wikipedia.org/wiki/John_Surtees
barber,Skip,Barber,11/16/36,American,http://en.wikipedia.org/wiki/Skip_Barber
brack,Bill,Brack,12/26/35,Canadian,http://en.wikipedia.org/wiki/Bill_Brack
posey,Sam,Posey,5/26/44,American,http://en.wikipedia.org/wiki/Sam_Posey
rodriguez,Pedro,Rodríguez,1/18/40,Mexican,http://en.wikipedia.org/wiki/Pedro_Rodr%C3%ADguez_(racing_driver)
siffert,Jo,Siffert,7/7/36,Swiss,http://en.wikipedia.org/wiki/Jo_Siffert
bonnier,Jo,Bonnier,1/31/30,Swedish,http://en.wikipedia.org/wiki/Joakim_Bonnier
mazet,François,Mazet,2/24/43,French,http://en.wikipedia.org/wiki/Fran%C3%A7ois_Mazet
jean,Max,Jean,7/27/43,French,http://en.wikipedia.org/wiki/Max_Jean
elford,Vic,Elford,6/10/35,British,http://en.wikipedia.org/wiki/Vic_Elford
moser,Silvio,Moser,4/24/41,Swiss,http://en.wikipedia.org/wiki/Silvio_Moser
eaton,George,Eaton,11/12/45,Canadian,http://en.wikipedia.org/wiki/George_Eaton
lovely,Pete,Lovely,4/11/26,American,http://en.wikipedia.org/wiki/Pete_Lovely
craft,Chris,Craft,11/17/39,British,http://en.wikipedia.org/wiki/Chris_Craft_(racing_driver)
Cannoc,John,Cannon,6/21/33,Canadian,http://en.wikipedia.org/wiki/John_Cannon_(auto_racer)
jack_brabham,Jack,Brabham,4/2/26,Australian,http://en.wikipedia.org/wiki/Jack_Brabham
miles,John,Miles,6/14/43,British,http://en.wikipedia.org/wiki/John_Miles_(auto_racer)
rindt,Jochen,Rindt,4/18/42,Austrian,http://en.wikipedia.org/wiki/Jochen_Rindt
gavin,Johnny,Servoz-Gavin,1/18/42,French,http://en.wikipedia.org/wiki/Johnny_Servoz-Gavin
mclaren,Bruce,McLaren,8/30/37,New Zealander,http://en.wikipedia.org/wiki/Bruce_McLaren
courage,Piers,Courage,5/27/42,British,http://en.wikipedia.org/wiki/Piers_Courage
klerk,Peter,de Klerk,3/16/35,South African,http://en.wikipedia.org/wiki/Peter_de_Klerk
giunti,Ignazio,Giunti,8/30/41,Italian,http://en.wikipedia.org/wiki/Ignazio_Giunti
gurney,Dan,Gurney,4/13/31,American,http://en.wikipedia.org/wiki/Dan_Gurney
hahne,Hubert,Hahne,3/28/35,German,http://en.wikipedia.org/wiki/Hubert_Hahne
hutchison,Gus,Hutchison,4/26/37,American,http://en.wikipedia.org/wiki/Gus_Hutchison
westbury,Peter,Westbury,5/26/38,British,http://en.wikipedia.org/wiki/Peter_Westbury
tingle,Sam,Tingle,8/24/21,Rhodesian,http://en.wikipedia.org/wiki/Sam_Tingle
rooyen,Basil,van Rooyen,4/19/39,South African,http://en.wikipedia.org/wiki/Basil_van_Rooyen
attwood,Richard,Attwood,4/4/40,British,http://en.wikipedia.org/wiki/Richard_Attwood
pease,Al,Pease,10/15/21,Canadian,http://en.wikipedia.org/wiki/Al_Pease
cordts,John,Cordts,7/23/35,Canadian,http://en.wikipedia.org/wiki/John_Cordts
clark,Jim,Clark,3/4/36,British,http://en.wikipedia.org/wiki/Jim_Clark
spence,Mike,Spence,12/30/36,British,http://en.wikipedia.org/wiki/Mike_Spence
scarfiotti,Ludovico,Scarfiotti,10/18/33,Italian,http://en.wikipedia.org/wiki/Ludovico_Scarfiotti
bianchi,Lucien,Bianchi,11/10/34,Belgian,http://en.wikipedia.org/wiki/Lucien_Bianchi
jo_schlesser,Jo,Schlesser,5/18/28,French,http://en.wikipedia.org/wiki/Jo_Schlesser
widdows,Robin,Widdows,5/27/42,British,http://en.wikipedia.org/wiki/Robin_Widdows
ahrens,Kurt,Ahrens,4/19/40,German,"http://en.wikipedia.org/wiki/Kurt_Ahrens,_Jr."
gardner,Frank,Gardner,10/1/30,Australian,http://en.wikipedia.org/wiki/Frank_Gardner_(driver)
unser,Bobby,Unser,2/20/34,American,http://en.wikipedia.org/wiki/Bobby_Unser
solana,Moisés,Solana,12/26/35,Mexican,http://en.wikipedia.org/wiki/Mois%C3%A9s_Solana
anderson,Bob,Anderson,5/19/31,British,http://en.wikipedia.org/wiki/Bob_Anderson_(racing_driver)
botha,Luki,Botha,1/16/30,South African,http://en.wikipedia.org/wiki/Luki_Botha
bandini,Lorenzo,Bandini,12/21/35,Italian,http://en.wikipedia.org/wiki/Lorenzo_Bandini
ginther,Richie,Ginther,8/5/30,American,http://en.wikipedia.org/wiki/Richie_Ginther
parkes,Mike,Parkes,9/24/31,British,http://en.wikipedia.org/wiki/Mike_Parkes
irwin,Chris,Irwin,6/27/42,British,http://en.wikipedia.org/wiki/Chris_Irwin
ligier,Guy,Ligier,7/12/30,French,http://en.wikipedia.org/wiki/Guy_Ligier
rees,Alan,Rees,1/12/38,British,http://en.wikipedia.org/wiki/Alan_Rees_(racing_driver)
hart,Brian,Hart,9/7/36,British,http://en.wikipedia.org/wiki/Brian_Hart
fisher,Mike,Fisher,3/13/43,American,http://en.wikipedia.org/wiki/Mike_Fisher_(driver)
tom_jones,Tom,Jones,4/26/43,American,http://en.wikipedia.org/wiki/Tom_Jones_(auto_racer)
baghetti,Giancarlo,Baghetti,12/25/34,Italian,http://en.wikipedia.org/wiki/Giancarlo_Baghetti
williams,Jonathan,Williams,10/26/42,British,http://en.wikipedia.org/wiki/Jonathan_Williams_(racing_driver)
bondurant,Bob,Bondurant,4/27/33,American,http://en.wikipedia.org/wiki/Bob_Bondurant
arundell,Peter,Arundell,11/8/33,British,http://en.wikipedia.org/wiki/Peter_Arundell
vic_wilson,Vic,Wilson,4/14/31,British,http://en.wikipedia.org/wiki/Vic_Wilson_(motor_racing_driver)
taylor,John,Taylor,3/23/33,British,http://en.wikipedia.org/wiki/John_Taylor_(racer)
lawrence,Chris,Lawrence,7/27/33,British,http://en.wikipedia.org/wiki/Chris_Lawrence_(racing_driver)
trevor_taylor,Trevor,Taylor,12/26/36,British,http://en.wikipedia.org/wiki/Trevor_Taylor
geki,Giacomo,Russo,10/23/37,Italian,http://en.wikipedia.org/wiki/Geki_(driver)
phil_hill,Phil,Hill,4/20/27,American,http://en.wikipedia.org/wiki/Phil_Hill
ireland,Innes,Ireland,6/12/30,British,http://en.wikipedia.org/wiki/Innes_Ireland
bucknum,Ronnie,Bucknum,4/5/36,American,http://en.wikipedia.org/wiki/Ronnie_Bucknum
hawkins,Paul,Hawkins,10/12/37,Australian,http://en.wikipedia.org/wiki/Paul_Hawkins_(racing_driver)
prophet,David,Prophet,10/9/37,British,http://en.wikipedia.org/wiki/David_Prophet
maggs,Tony,Maggs,2/9/37,South African,http://en.wikipedia.org/wiki/Tony_Maggs
blokdyk,Trevor,Blokdyk,11/30/35,South African,http://en.wikipedia.org/wiki/Trevor_Blokdyk
lederle,Neville,Lederle,9/25/38,South African,http://en.wikipedia.org/wiki/Neville_Lederle
serrurier,Doug,Serrurier,12/9/20,South African,http://en.wikipedia.org/wiki/Doug_Serrurier
niemann,Brausch,Niemann,1/7/39,South African,http://en.wikipedia.org/wiki/Brausch_Niemann
pieterse,Ernie,Pieterse,7/4/38,South African,http://en.wikipedia.org/wiki/Ernie_Pieterse
puzey,Clive,Puzey,7/11/41,Rhodesian,http://en.wikipedia.org/wiki/Clive_Puzey
reed,Ray,Reed,4/30/32,South African,http://en.wikipedia.org/wiki/Ray_Reed
clapham,David,Clapham,5/18/31,South African,http://en.wikipedia.org/wiki/David_Clapham
blignaut,Alex,Blignaut,11/30/32,South African,http://en.wikipedia.org/wiki/Alex_Blignaut
gregory,Masten,Gregory,2/29/32,American,http://en.wikipedia.org/wiki/Masten_Gregory
rhodes,John,Rhodes,8/18/27,British,http://en.wikipedia.org/wiki/John_Rhodes_(driver)
raby,Ian,Raby,9/22/21,British,http://en.wikipedia.org/wiki/Ian_Raby
rollinson,Alan,Rollinson,5/15/43,British,http://en.wikipedia.org/wiki/Alan_Rollinson
gubby,Brian,Gubby,4/17/34,British,http://en.wikipedia.org/wiki/Brian_Gubby
mitter,Gerhard,Mitter,8/30/35,German,http://en.wikipedia.org/wiki/Gerhard_Mitter
bussinello,Roberto,Bussinello,10/4/27,Italian,http://en.wikipedia.org/wiki/Roberto_Bussinello
vaccarella,Nino,Vaccarella,3/4/33,Italian,http://en.wikipedia.org/wiki/Nino_Vaccarella
bassi,Giorgio,Bassi,1/20/34,Italian,http://en.wikipedia.org/wiki/Giorgio_Bassi
trintignant,Maurice,Trintignant,10/30/17,French,http://en.wikipedia.org/wiki/Maurice_Trintignant
collomb,Bernard,Collomb,10/7/30,French,http://en.wikipedia.org/wiki/Bernard_Collomb
andre_pilette,André,Pilette,10/6/18,Belgian,http://en.wikipedia.org/wiki/Andr%C3%A9_Pilette
beaufort,Carel Godin,de Beaufort,4/10/34,Dutch,http://en.wikipedia.org/wiki/Carel_Godin_de_Beaufort
barth,Edgar,Barth,1/26/17,German,http://en.wikipedia.org/wiki/Edgar_Barth
cabral,Mário de Araújo,Cabral,1/15/34,Portuguese,http://en.wikipedia.org/wiki/Mario_de_Araujo_Cabral
hansgen,Walt,Hansgen,10/28/19,American,http://en.wikipedia.org/wiki/Walt_Hansgen
sharp,Hap,Sharp,1/1/28,American,http://en.wikipedia.org/wiki/Hap_Sharp
mairesse,Willy,Mairesse,10/1/28,Belgian,http://en.wikipedia.org/wiki/Willy_Mairesse
campbell-jones,John,Campbell-Jones,1/21/30,British,http://en.wikipedia.org/wiki/John_Campbell-Jones
burgess,Ian,Burgess,7/6/30,British,http://en.wikipedia.org/wiki/Ian_Burgess
settember,Tony,Settember,7/10/26,American,http://en.wikipedia.org/wiki/Tony_Settember
estefano,Nasif,Estéfano,11/18/32,Argentine,http://en.wikipedia.org/wiki/Nasif_Est%C3%A9fano
hall,Jim,Hall,7/23/35,American,http://en.wikipedia.org/wiki/Jim_Hall_(race_car_driver)
parnell,Tim,Parnell,6/25/32,British,http://en.wikipedia.org/wiki/Tim_Parnell
kuhnke,Kurt,Kuhnke,4/30/10,German,http://en.wikipedia.org/wiki/Kurt_Kuhnke
ernesto_brambilla,Ernesto,Brambilla,1/31/34,Italian,http://en.wikipedia.org/wiki/Ernesto_Brambilla
lippi,Roberto,Lippi,10/17/26,Italian,http://en.wikipedia.org/wiki/Roberto_Lippi
seiffert,Günther,Seiffert,10/18/37,German,http://en.wikipedia.org/wiki/G%C3%BCnther_Seiffert
abate,Carlo,Abate,7/10/32,Italian,http://en.wikipedia.org/wiki/Carlo_Mario_Abate
starrabba,Gaetano,Starrabba,12/3/32,Italian,http://en.wikipedia.org/wiki/Gaetano_Starrabba
broeker,Peter,Broeker,5/15/26,Canadian,http://en.wikipedia.org/wiki/Peter_Broeker
ward,Rodger,Ward,1/10/21,American,http://en.wikipedia.org/wiki/Rodger_Ward
vos,Ernie,de Vos,7/1/41,Dutch,http://en.wikipedia.org/wiki/Ernie_de_Vos
dochnal,Frank,Dochnal,10/8/20,American,http://en.wikipedia.org/wiki/Frank_Dochnal
monarch,Thomas,Monarch,9/3/45,American,http://en.wikipedia.org/wiki/Talk:1963_Mexican_Grand_Prix#Who_was_Thomas_Monarch.3F
gasly,Pierre,Gasly,2/7/96,French,http://en.wikipedia.org/wiki/Pierre_Gasly
lewis,Jackie,Lewis,11/1/36,British,http://en.wikipedia.org/wiki/Jackie_Lewis
ricardo_rodriguez,Ricardo,Rodríguez,2/14/42,Mexican,http://en.wikipedia.org/wiki/Ricardo_Rodr%C3%ADguez_(Formula_One)
seidel,Wolfgang,Seidel,7/4/26,German,http://en.wikipedia.org/wiki/Wolfgang_Seidel
salvadori,Roy,Salvadori,5/12/22,British,http://en.wikipedia.org/wiki/Roy_Salvadori
pon,Ben,Pon,12/9/36,Dutch,http://en.wikipedia.org/wiki/Ben_Pon
slotemaker,Rob,Slotemaker,6/13/29,Dutch,http://en.wikipedia.org/wiki/Rob_Slotemaker
marsh,Tony,Marsh,7/20/31,British,http://en.wikipedia.org/wiki/Tony_Marsh_(racing_driver)
ashmore,Gerry,Ashmore,7/25/36,British,http://en.wikipedia.org/wiki/Gerry_Ashmore
schiller,Heinz,Schiller,1/25/30,Swiss,http://en.wikipedia.org/wiki/Heinz_Schiller
davis,Colin,Davis,7/29/33,British,http://en.wikipedia.org/wiki/Colin_Davis_(driver)
chamberlain,Jay,Chamberlain,12/29/25,American,http://en.wikipedia.org/wiki/Jay_Chamberlain
shelly,Tony,Shelly,2/2/37,New Zealander,http://en.wikipedia.org/wiki/Tony_Shelly
greene,Keith,Greene,1/5/38,British,http://en.wikipedia.org/wiki/Keith_Greene
walter,Heini,Walter,7/28/27,Swiss,http://en.wikipedia.org/wiki/Heini_Walter
prinoth,Ernesto,Prinoth,4/15/23,Italian,http://en.wikipedia.org/wiki/Ernesto_Prinoth
penske,Roger,Penske,2/20/37,American,http://en.wikipedia.org/wiki/Roger_Penske
schroeder,Rob,Schroeder,5/11/26,British,http://en.wikipedia.org/wiki/Rob_Schroeder
mayer,Timmy,Mayer,2/22/38,American,http://en.wikipedia.org/wiki/Timmy_Mayer
johnstone,Bruce,Johnstone,1/30/37,South African,http://en.wikipedia.org/wiki/Bruce_Johnstone_(racing_driver)
harris,Mike,Harris,5/25/39,South African,http://en.wikipedia.org/wiki/Mike_Harris_(race_car_driver)
hocking,Gary,Hocking,9/30/37,Rhodesian,http://en.wikipedia.org/wiki/Gary_Hocking
vyver,Syd,van der Vyver,6/1/20,South African,http://en.wikipedia.org/wiki/Syd_van_der_Vyver
moss,Stirling,Moss,9/17/29,British,http://en.wikipedia.org/wiki/Stirling_Moss
trips,Wolfgang,von Trips,5/4/28,German,http://en.wikipedia.org/wiki/Wolfgang_Graf_Berghe_von_Trips
allison,Cliff,Allison,2/8/32,British,http://en.wikipedia.org/wiki/Cliff_Allison
herrmann,Hans,Herrmann,2/23/28,German,http://en.wikipedia.org/wiki/Hans_Herrmann
brooks,Tony,Brooks,2/25/32,British,http://en.wikipedia.org/wiki/Tony_Brooks
may,Michael,May,8/18/34,Swiss,http://en.wikipedia.org/wiki/Michael_May_(racing_driver)
henry_taylor,Henry,Taylor,12/16/32,British,http://en.wikipedia.org/wiki/Henry_Taylor_(racing_driver)
gendebien,Olivier,Gendebien,1/12/24,Belgian,http://en.wikipedia.org/wiki/Olivier_Gendebien
scarlatti,Giorgio,Scarlatti,10/2/21,Italian,http://en.wikipedia.org/wiki/Giorgio_Scarlatti
naylor,Brian,Naylor,3/24/23,British,http://en.wikipedia.org/wiki/Brian_Naylor
bordeu,Juan Manuel,Bordeu,1/28/34,Argentine,http://en.wikipedia.org/wiki/Juan_Manuel_Bordeu
fairman,Jack,Fairman,3/15/13,British,http://en.wikipedia.org/wiki/Jack_Fairman
natili,Massimo,Natili,7/28/35,Italian,http://en.wikipedia.org/wiki/Massimo_Natili
monteverdi,Peter,Monteverdi,6/7/34,Swiss,http://en.wikipedia.org/wiki/Peter_Monteverdi
pirocchi,Renato,Pirocchi,3/26/33,Italian,http://en.wikipedia.org/wiki/Renato_Pirocchi
duke,Geoff,Duke,3/29/23,British,http://en.wikipedia.org/wiki/Geoff_Duke
thiele,Alfonso,Thiele,4/5/20,American-Italian,http://en.wikipedia.org/wiki/Alfonso_Thiele
boffa,Menato,Boffa,1/4/30,Italian,http://en.wikipedia.org/wiki/Menato_Boffa
ryan,Peter,Ryan,6/10/40,Canadian,http://en.wikipedia.org/wiki/Peter_Ryan_(driver)
ruby,Lloyd,Ruby,1/12/28,American,http://en.wikipedia.org/wiki/Lloyd_Ruby
ken_miles,Ken,Miles,11/1/18,British,http://en.wikipedia.org/wiki/Ken_Miles
menditeguy,Carlos,Menditeguy,8/10/14,Argentine,http://en.wikipedia.org/wiki/Carlos_Menditeguy
larreta,Alberto Rodriguez,Larreta,1/14/34,Argentine,http://en.wikipedia.org/wiki/Alberto_Rodriguez_Larreta
gonzalez,José Froilán,González,10/5/22,Argentine,http://en.wikipedia.org/wiki/Jos%C3%A9_Froil%C3%A1n_Gonz%C3%A1lez
bonomi,Roberto,Bonomi,9/30/19,Argentine,http://en.wikipedia.org/wiki/Roberto_Bonomi
munaron,Gino,Munaron,4/2/28,Italian,http://en.wikipedia.org/wiki/Gino_Munaron
schell,Harry,Schell,6/29/21,American,http://en.wikipedia.org/wiki/Harry_Schell
stacey,Alan,Stacey,8/29/33,British,http://en.wikipedia.org/wiki/Alan_Stacey
chimeri,Ettore,Chimeri,6/4/21,Venezuelan,http://en.wikipedia.org/wiki/Ettore_Chimeri
creus,Antonio,Creus,10/28/24,Spanish,http://en.wikipedia.org/wiki/Antonio_Creus
bristow,Chris,Bristow,12/2/37,British,http://en.wikipedia.org/wiki/Chris_Bristow
halford,Bruce,Halford,5/18/31,British,http://en.wikipedia.org/wiki/Bruce_Halford
daigh,Chuck,Daigh,11/29/23,American,http://en.wikipedia.org/wiki/Chuck_Daigh
reventlow,Lance,Reventlow,2/24/36,American,http://en.wikipedia.org/wiki/Lance_Reventlow
rathmann,Jim,Rathmann,7/16/28,American,http://en.wikipedia.org/wiki/Jim_Rathmann
goldsmith,Paul,Goldsmith,10/2/25,American,http://en.wikipedia.org/wiki/Paul_Goldsmith
branson,Don,Branson,6/2/20,American,http://en.wikipedia.org/wiki/Don_Branson
thomson,Johnny,Thomson,4/9/22,American,http://en.wikipedia.org/wiki/Johnny_Thomson
johnson,Eddie,Johnson,2/10/19,American,http://en.wikipedia.org/wiki/Eddie_Johnson_(auto_racer)
veith,Bob,Veith,11/1/26,American,http://en.wikipedia.org/wiki/Bob_Veith
tingelstad,Bud,Tingelstad,4/4/28,American,http://en.wikipedia.org/wiki/Bud_Tingelstad
christie,Bob,Christie,4/4/24,American,http://en.wikipedia.org/wiki/Bob_Christie_(racing_driver)
amick,Red,Amick,1/19/29,American,http://en.wikipedia.org/wiki/Red_Amick
darter,Duane,Carter,5/5/13,American,http://en.wikipedia.org/wiki/Duane_Carter
homeier,Bill,Homeier,8/31/18,American,http://en.wikipedia.org/wiki/Bill_Homeier
hartley,Gene,Hartley,1/28/26,American,http://en.wikipedia.org/wiki/Gene_Hartley
stevenson,Chuck,Stevenson,10/15/19,American,http://en.wikipedia.org/wiki/Chuck_Stevenson
grim,Bobby,Grim,9/4/24,American,http://en.wikipedia.org/wiki/Bobby_Grim
templeman,Shorty,Templeman,8/12/19,American,http://en.wikipedia.org/wiki/Shorty_Templeman
hurtubise,Jim,Hurtubise,12/5/32,American,http://en.wikipedia.org/wiki/Jim_Hurtubise
bryan,Jimmy,Bryan,1/28/26,American,http://en.wikipedia.org/wiki/Jimmy_Bryan
ruttman,Troy,Ruttman,3/11/30,American,http://en.wikipedia.org/wiki/Troy_Ruttman
sachs,Eddie,Sachs,5/28/27,American,http://en.wikipedia.org/wiki/Eddie_Sachs
freeland,Don,Freeland,3/25/25,American,http://en.wikipedia.org/wiki/Don_Freeland
bettenhausen,Tony,Bettenhausen,9/12/16,American,http://en.wikipedia.org/wiki/Tony_Bettenhausen
weiler,Wayne,Weiler,12/9/34,American,http://en.wikipedia.org/wiki/Wayne_Weiler
foyt,Anthony,Foyt,1/16/35,American,http://en.wikipedia.org/wiki/A.J._Foyt
russo,Eddie,Russo,11/19/25,American,http://en.wikipedia.org/wiki/Eddie_Russo
boyd,Johnny,Boyd,8/19/26,American,http://en.wikipedia.org/wiki/Johnny_Boyd
force,Gene,Force,6/15/16,American,http://en.wikipedia.org/wiki/Gene_Force
mcwithey,Jim,McWithey,7/4/27,American,http://en.wikipedia.org/wiki/Jim_McWithey
sutton,Len,Sutton,8/9/25,American,http://en.wikipedia.org/wiki/Len_Sutton
dick_rathmann,Dick,Rathmann,1/6/24,American,http://en.wikipedia.org/wiki/Dick_Rathmann
herman,Al,Herman,3/15/27,American,http://en.wikipedia.org/wiki/Al_Herman
dempsey_wilson,Dempsey,Wilson,3/11/27,American,http://en.wikipedia.org/wiki/Dempsey_Wilson
mike_taylor,Mike,Taylor,4/24/34,British,http://en.wikipedia.org/wiki/Mike_Taylor_(driver)
flockhart,Ron,Flockhart,6/16/23,British,http://en.wikipedia.org/wiki/Ron_Flockhart_(auto_racing)
piper,David,Piper,12/2/30,British,http://en.wikipedia.org/wiki/David_Piper
cabianca,Giulio,Cabianca,2/19/23,Italian,http://en.wikipedia.org/wiki/Giulio_Cabianca
drogo,Piero,Drogo,8/8/26,Italian,http://en.wikipedia.org/wiki/Piero_Drogo
gamble,Fred,Gamble,3/17/32,American,http://en.wikipedia.org/wiki/Fred_Gamble_(racing_driver)
owen,Arthur,Owen,3/23/15,British,http://en.wikipedia.org/wiki/Arthur_Owen
gould,Horace,Gould,9/20/18,British,http://en.wikipedia.org/wiki/Horace_Gould
drake,Bob,Drake,12/14/19,American,http://en.wikipedia.org/wiki/Bob_Drake_(Formula_One)
bueb,Ivor,Bueb,6/6/23,British,http://en.wikipedia.org/wiki/Ivor_Bueb
Changy,Alain,de Changy,2/5/22,Belgian,http://en.wikipedia.org/wiki/Alain_de_Changy
filippis,Maria,de Filippis,11/11/26,Italian,http://en.wikipedia.org/wiki/Maria_Teresa_de_Filippis
lucienbonnet,Jean,Lucienbonnet,1/7/23,French,http://en.wikipedia.org/wiki/Jean_Lucienbonnet
testut,André,Testut,4/13/26,Monegasque,http://en.wikipedia.org/wiki/Andr%C3%A9_Testut
behra,Jean,Behra,2/16/21,French,http://en.wikipedia.org/wiki/Jean_Behra
paul_russo,Paul,Russo,4/10/14,American,http://en.wikipedia.org/wiki/Paul_Russo
daywalt,Jimmy,Daywalt,8/28/24,American,http://en.wikipedia.org/wiki/Jimmy_Daywalt
arnold,Chuck,Arnold,5/30/26,American,http://en.wikipedia.org/wiki/Chuck_Arnold
keller,Al,Keller,4/11/20,American,http://en.wikipedia.org/wiki/Al_Keller
flaherty,Pat,Flaherty,1/6/26,American,http://en.wikipedia.org/wiki/Pat_Flaherty_(racing_driver)
cheesbourg,Bill,Cheesbourg,6/12/27,American,http://en.wikipedia.org/wiki/Bill_Cheesbourg
ray_crawford,Ray,Crawford,10/26/15,American,http://en.wikipedia.org/wiki/Ray_Crawford
turner,Jack,Turner,2/12/20,American,http://en.wikipedia.org/wiki/Jack_Turner_(driver)
weyant,Chuck,Weyant,4/3/23,American,http://en.wikipedia.org/wiki/Chuck_Weyant
larson,Jud,Larson,1/21/23,American,http://en.wikipedia.org/wiki/Jud_Larson
magill,Mike,Magill,2/8/20,American,http://en.wikipedia.org/wiki/Mike_Magill
shelby,Carroll,Shelby,1/11/23,American,http://en.wikipedia.org/wiki/Carroll_Shelby
orey,Fritz,d'Orey,3/25/38,Brazilian,http://en.wikipedia.org/wiki/Fritz_d%27Orey
fontes,Azdrubal,Fontes,12/26/22,Uruguayan,http://en.wikipedia.org/wiki/Azdrubal_Fontes
ashdown,Peter,Ashdown,10/16/34,British,http://en.wikipedia.org/wiki/Peter_Ashdown
bill_moss,Bill,Moss,9/4/33,British,http://en.wikipedia.org/wiki/Bill_Moss_(racing_driver)
dennis_taylor,Dennis,Taylor,6/12/21,British,http://en.wikipedia.org/wiki/Dennis_Taylor_(racing_driver)
blanchard,Harry,Blanchard,6/13/29,American,http://en.wikipedia.org/wiki/Harry_Blanchard
tomaso,Alessandro,de Tomaso,7/10/28,Argentine-Italian,http://en.wikipedia.org/wiki/Alessandro_de_Tomaso
constantine,George,Constantine,2/22/18,American,http://en.wikipedia.org/wiki/George_Constantine
said,Bob,Said,5/5/32,American,http://en.wikipedia.org/wiki/Bob_Said
cade,Phil,Cade,6/12/16,American,http://en.wikipedia.org/wiki/Phil_Cade
musso,Luigi,Musso,7/28/24,Italian,http://en.wikipedia.org/wiki/Luigi_Musso
hawthorn,Mike,Hawthorn,4/10/29,British,http://en.wikipedia.org/wiki/Mike_Hawthorn
fangio,Juan,Fangio,6/24/11,Argentine,http://en.wikipedia.org/wiki/Juan_Manuel_Fangio
godia,Paco,Godia,3/21/21,Spanish,http://en.wikipedia.org/wiki/Paco_Godia
collins,Peter,Collins,11/6/31,British,http://en.wikipedia.org/wiki/Peter_Collins_(racing_driver)
kavanagh,Ken,Kavanagh,12/12/23,Australian,http://en.wikipedia.org/wiki/Ken_Kavanagh
gerini,Gerino,Gerini,8/10/28,Italian,http://en.wikipedia.org/wiki/Gerino_Gerini_(racing_driver)
kessler,Bruce,Kessler,3/23/36,American,http://en.wikipedia.org/wiki/Bruce_Kessler
emery,Paul,Emery,11/12/16,British,http://en.wikipedia.org/wiki/Paul_Emery
piotti,Luigi,Piotti,10/27/13,Italian,http://en.wikipedia.org/wiki/Luigi_Piotti
ecclestone,Bernie,Ecclestone,10/28/30,British,http://en.wikipedia.org/wiki/Bernie_Ecclestone
taramazzo,Luigi,Taramazzo,5/5/32,Italian,http://en.wikipedia.org/wiki/Luigi_Taramazzo
chiron,Louis,Chiron,1899-08-03,Monegasque,http://en.wikipedia.org/wiki/Louis_Chiron
lewis-evans,Stuart,Lewis-Evans,4/20/30,British,http://en.wikipedia.org/wiki/Stuart_Lewis-Evans
george_amick,George,Amick,10/24/24,American,http://en.wikipedia.org/wiki/George_Amick
reece,Jimmy,Reece,11/17/29,American,http://en.wikipedia.org/wiki/Jimmy_Reece
parsons,Johnnie,Parsons,7/4/18,American,http://en.wikipedia.org/wiki/Johnnie_Parsons
tolan,Johnnie,Tolan,10/22/17,American,http://en.wikipedia.org/wiki/Johnnie_Tolan
garrett,Billy,Garrett,4/24/33,American,http://en.wikipedia.org/wiki/Billy_Garrett
elisian,Ed,Elisian,12/9/26,American,http://en.wikipedia.org/wiki/Ed_Elisian
connor,Pat,O'Connor,10/9/28,American,http://en.wikipedia.org/wiki/Pat_O%27Connor_(auto_racer)
jerry_unser,Jerry,Unser,11/15/32,American,http://en.wikipedia.org/wiki/Jerry_Unser
bisch,Art,Bisch,11/10/26,American,http://en.wikipedia.org/wiki/Art_Bisch
goethals,Christian,Goethals,8/4/28,Belgian,http://en.wikipedia.org/wiki/Christian_Goethals
gibson,Dick,Gibson,4/16/18,British,http://en.wikipedia.org/wiki/Dick_Gibson
la_caze,Robert,La Caze,2/26/17,French,http://en.wikipedia.org/wiki/Robert_La_Caze
guelfi,André,Guelfi,5/6/19,French,http://en.wikipedia.org/wiki/Andr%C3%A9_Guelfi
picard,François,Picard,4/26/21,French,http://en.wikipedia.org/wiki/Fran%C3%A7ois_Picard
bridger,Tom,Bridger,6/24/34,British,http://en.wikipedia.org/wiki/Tom_Bridger
portago,Alfonso,de Portago,10/11/28,Spanish,http://en.wikipedia.org/wiki/Alfonso_de_Portago
perdisa,Cesare,Perdisa,10/21/32,Italian,http://en.wikipedia.org/wiki/Cesare_Perdisa
castellotti,Eugenio,Castellotti,10/10/30,Italian,http://en.wikipedia.org/wiki/Eugenio_Castellotti
simon,André,Simon,1/5/20,French,http://en.wikipedia.org/wiki/Andr%C3%A9_Simon_(racing_driver)
leston,Les,Leston,12/16/20,British,http://en.wikipedia.org/wiki/Les_Leston
hanks,Sam,Hanks,7/13/14,American,http://en.wikipedia.org/wiki/Sam_Hanks
linden,Andy,Linden,4/5/22,American,http://en.wikipedia.org/wiki/Andy_Linden_(racing_driver)
teague,Marshall,Teague,2/22/21,American,http://en.wikipedia.org/wiki/Marshall_Teague_(racing_driver)
edmunds,Don,Edmunds,9/23/30,American,http://en.wikipedia.org/wiki/Don_Edmunds
agabashian,Fred,Agabashian,8/21/13,American,http://en.wikipedia.org/wiki/Fred_Agabashian
george,Elmer,George,7/15/28,American,http://en.wikipedia.org/wiki/Elmer_George
macdowel,Mike,MacDowel,9/13/32,British,http://en.wikipedia.org/wiki/Mike_MacDowel
mackay-fraser,Herbert,MacKay-Fraser,6/23/27,American,http://en.wikipedia.org/wiki/Herbert_MacKay-Fraser
gerard,Bob,Gerard,1/19/14,British,http://en.wikipedia.org/wiki/Bob_Gerard
maglioli,Umberto,Maglioli,6/5/28,Italian,http://en.wikipedia.org/wiki/Umberto_Maglioli
england,Paul,England,3/28/29,Australian,http://en.wikipedia.org/wiki/Paul_England
landi,Chico,Landi,7/14/07,Brazilian,http://en.wikipedia.org/wiki/Chico_Landi
uria,Alberto,Uria,7/11/24,Uruguayan,http://en.wikipedia.org/wiki/Alberto_Uria
ramos,Hernando,da Silva Ramos,12/7/25,Brazilian,http://en.wikipedia.org/wiki/Hernando_da_Silva_Ramos
bayol,Élie,Bayol,2/28/14,French,http://en.wikipedia.org/wiki/%C3%89lie_Bayol
manzon,Robert,Manzon,4/12/17,French,http://en.wikipedia.org/wiki/Robert_Manzon
rosier,Louis,Rosier,11/5/05,French,http://en.wikipedia.org/wiki/Louis_Rosier
sweikert,Bob,Sweikert,5/20/26,American,http://en.wikipedia.org/wiki/Bob_Sweikert
griffith,Cliff,Griffith,2/6/16,American,http://en.wikipedia.org/wiki/Cliff_Griffith
dinsmore,Duke,Dinsmore,4/10/13,American,http://en.wikipedia.org/wiki/Duke_Dinsmore
andrews,Keith,Andrews,6/15/20,American,http://en.wikipedia.org/wiki/Keith_Andrews_(driver)
frere,Paul,Frère,1/30/17,Belgian,http://en.wikipedia.org/wiki/Paul_Fr%C3%A8re
villoresi,Luigi,Villoresi,5/16/09,Italian,http://en.wikipedia.org/wiki/Luigi_Villoresi
scotti,Piero,Scotti,11/11/09,Italian,http://en.wikipedia.org/wiki/Piero_Scotti
chapman,Colin,Chapman,5/19/28,British,http://en.wikipedia.org/wiki/Colin_Chapman
titterington,Desmond,Titterington,5/1/28,British,http://en.wikipedia.org/wiki/Desmond_Titterington
scott_Brown,Archie,Scott Brown,5/13/27,British,http://en.wikipedia.org/wiki/Archie_Scott_Brown
volonterio,Ottorino,Volonterio,12/7/17,Swiss,http://en.wikipedia.org/wiki/Ottorino_Volonterio
milhoux,André,Milhoux,12/9/28,Belgian,http://en.wikipedia.org/wiki/Andr%C3%A9_Milhoux
graffenried,Toulo,de Graffenried,5/18/14,Swiss,http://en.wikipedia.org/wiki/Toulo_de_Graffenried
taruffi,Piero,Taruffi,10/12/06,Italian,http://en.wikipedia.org/wiki/Piero_Taruffi
farina,Nino,Farina,10/30/06,Italian,http://en.wikipedia.org/wiki/Nino_Farina
mieres,Roberto,Mieres,12/3/24,Argentine,http://en.wikipedia.org/wiki/Roberto_Mieres
mantovani,Sergio,Mantovani,5/22/29,Italian,http://en.wikipedia.org/wiki/Sergio_Mantovani
bucci,Clemar,Bucci,9/4/20,Argentine,http://en.wikipedia.org/wiki/Clemar_Bucci
iglesias,Jesús,Iglesias,2/22/22,Argentine,http://en.wikipedia.org/wiki/Jes%C3%BAs_Iglesias
ascari,Alberto,Ascari,7/13/18,Italian,http://en.wikipedia.org/wiki/Alberto_Ascari
kling,Karl,Kling,9/16/10,German,http://en.wikipedia.org/wiki/Karl_Kling
birger,Pablo,Birger,1/7/24,Argentine,http://en.wikipedia.org/wiki/Pablo_Birger
pollet,Jacques,Pollet,7/2/22,French,http://en.wikipedia.org/wiki/Jacques_Pollet
macklin,Lance,Macklin,9/2/19,British,http://en.wikipedia.org/wiki/Lance_Macklin
whiteaway,Ted,Whiteaway,11/1/28,British,http://en.wikipedia.org/wiki/Ted_Whiteaway
davies,Jimmy,Davies,8/8/29,American,http://en.wikipedia.org/wiki/Jimmy_Davies
faulkner,Walt,Faulkner,2/16/20,American,http://en.wikipedia.org/wiki/Walt_Faulkner
niday,Cal,Niday,4/29/14,American,http://en.wikipedia.org/wiki/Cal_Niday
cross,Art,Cross,1/24/18,American,http://en.wikipedia.org/wiki/Art_Cross
vukovich,Bill,Vukovich,12/13/18,American,http://en.wikipedia.org/wiki/Bill_Vukovich
mcgrath,Jack,McGrath,10/8/19,American,http://en.wikipedia.org/wiki/Jack_McGrath_(racing_driver)
hoyt,Jerry,Hoyt,1/29/29,American,http://en.wikipedia.org/wiki/Jerry_Hoyt
claes,Johnny,Claes,8/11/16,Belgian,http://en.wikipedia.org/wiki/Johnny_Claes
peter_walker,Peter,Walker,10/7/12,British,http://en.wikipedia.org/wiki/Peter_Walker_(driver)
sparken,Mike,Sparken,6/16/30,French,http://en.wikipedia.org/wiki/Mike_Sparken
wharton,Ken,Wharton,3/21/16,British,http://en.wikipedia.org/wiki/Ken_Wharton
mcalpine,Kenneth,McAlpine,9/21/20,British,http://en.wikipedia.org/wiki/Kenneth_McAlpine
marr,Leslie,Marr,8/14/22,British,http://en.wikipedia.org/wiki/Leslie_Marr
rolt,Tony,Rolt,10/16/18,British,http://en.wikipedia.org/wiki/Tony_Rolt
fitch,John,Fitch,8/4/17,American,http://en.wikipedia.org/wiki/John_Fitch_(driver)
lucas,Jean,Lucas,4/25/17,French,http://en.wikipedia.org/wiki/Jean_Lucas
bira,Prince,Bira,7/15/14,Thai,http://en.wikipedia.org/wiki/Prince_Bira
marimon,Onofre,Marimón,12/19/23,Argentine,http://en.wikipedia.org/wiki/Onofre_Marim%C3%B3n
loyer,Roger,Loyer,8/5/07,French,http://en.wikipedia.org/wiki/Roger_Loyer
daponte,Jorge,Daponte,6/5/23,Argentine,http://en.wikipedia.org/wiki/Jorge_Daponte
nazaruk,Mike,Nazaruk,10/2/21,American,http://en.wikipedia.org/wiki/Mike_Nazaruk
crockett,Larry,Crockett,10/23/26,American,http://en.wikipedia.org/wiki/Larry_Crockett
ayulo,Manny,Ayulo,10/20/21,American,http://en.wikipedia.org/wiki/Manny_Ayulo
armi,Frank,Armi,10/12/18,American,http://en.wikipedia.org/wiki/Frank_Armi
webb,Travis,Webb,10/8/10,American,http://en.wikipedia.org/wiki/Travis_Webb
duncan,Len,Duncan,7/25/11,American,http://en.wikipedia.org/wiki/Len_Duncan
mccoy,Ernie,McCoy,2/19/21,American,http://en.wikipedia.org/wiki/Ernie_McCoy
swaters,Jacques,Swaters,10/30/26,American,http://en.wikipedia.org/wiki/Jacques_Swaters
georges_berger,Georges,Berger,9/14/18,Belgian,http://en.wikipedia.org/wiki/Georges_Berger
beauman,Don,Beauman,7/26/28,British,http://en.wikipedia.org/wiki/Don_Beauman
thorne,Leslie,Thorne,6/23/16,British,http://en.wikipedia.org/wiki/Leslie_Thorne
whitehouse,Bill,Whitehouse,4/1/09,British,http://en.wikipedia.org/wiki/Bill_Whitehouse
riseley_prichard,John,Riseley-Prichard,1/17/24,British,http://en.wikipedia.org/wiki/John_Riseley-Prichard
reg_parnell,Reg,Parnell,7/2/11,British,http://en.wikipedia.org/wiki/Reg_Parnell
whitehead,Peter,Whitehead,11/12/14,British,http://en.wikipedia.org/wiki/Peter_Whitehead_(racing_driver)
brandon,Eric,Brandon,7/18/20,British,http://en.wikipedia.org/wiki/Eric_Brandon
alan_brown,Alan,Brown,11/20/19,British,http://en.wikipedia.org/wiki/Alan_Brown_(racing_driver)
nuckey,Rodney,Nuckey,6/26/29,British,http://en.wikipedia.org/wiki/Rodney_Nuckey
lang,Hermann,Lang,4/6/09,German,http://en.wikipedia.org/wiki/Hermann_Lang
helfrich,Theo,Helfrich,5/13/13,German,http://en.wikipedia.org/wiki/Theo_Helfrich
wacker,Fred,Wacker,7/10/18,American,http://en.wikipedia.org/wiki/Fred_Wacker
riu,Giovanni,de Riu,3/10/25,Italian,http://en.wikipedia.org/wiki/Giovanni_de_Riu
galvez,Oscar,Gálvez,8/17/13,Argentine,http://en.wikipedia.org/wiki/%C3%93scar_Alfredo_G%C3%A1lvez
john_barber,John,Barber,7/22/29,British,http://en.wikipedia.org/wiki/John_Barber_(racing_driver)
bonetto,Felice,Bonetto,6/9/03,Italian,http://en.wikipedia.org/wiki/Felice_Bonetto
cruz,Adolfo,Cruz,6/28/23,Argentine,http://en.wikipedia.org/wiki/Adolfo_Schewelm_Cruz
nalon,Duke,Nalon,3/2/13,American,http://en.wikipedia.org/wiki/Duke_Nalon
scarborough,Carl,Scarborough,7/3/14,American,http://en.wikipedia.org/wiki/Carl_Scarborough
holland,Bill,Holland,12/18/07,American,http://en.wikipedia.org/wiki/Bill_Holland
bob_scott,Bob,Scott,10/4/28,American,http://en.wikipedia.org/wiki/Bob_Scott_(auto_racer)
legat,Arthur,Legat,1898-11-01,Belgian,http://en.wikipedia.org/wiki/Arthur_Legat
cabantous,Yves,Cabantous,10/8/04,French,http://en.wikipedia.org/wiki/Yves_Giraud_Cabantous
crook,Tony,Crook,2/16/20,British,http://en.wikipedia.org/wiki/Tony_Crook
jimmy_stewart,Jimmy,Stewart,3/6/31,British,http://en.wikipedia.org/wiki/Jimmy_Stewart_(racing_driver)
ian_stewart,Ian,Stewart,7/15/29,British,http://en.wikipedia.org/wiki/Ian_Stewart_(racing_driver)
duncan_hamilton,Duncan,Hamilton,4/30/20,British,http://en.wikipedia.org/wiki/Duncan_Hamilton_(racing_driver)
klodwig,Ernst,Klodwig,5/23/03,East German,http://en.wikipedia.org/wiki/Ernst_Klodwig
krause,Rudolf,Krause,3/30/07,East German,http://en.wikipedia.org/wiki/Rudolf_Krause
karch,Oswald,Karch,3/6/17,German,http://en.wikipedia.org/wiki/Oswald_Karch
heeks,Willi,Heeks,2/13/22,German,http://en.wikipedia.org/wiki/Willi_Heeks
fitzau,Theo,Fitzau,2/10/23,East German,http://en.wikipedia.org/wiki/Theo_Fitzau
adolff,Kurt,Adolff,11/5/21,German,http://en.wikipedia.org/wiki/Kurt_Adolff
bechem,Günther,Bechem,12/21/21,German,http://en.wikipedia.org/wiki/G%C3%BCnther_Bechem
bauer,Erwin,Bauer,7/17/12,German,http://en.wikipedia.org/wiki/Erwin_Bauer
hans_stuck,Hans,von Stuck,12/27/00,German,http://en.wikipedia.org/wiki/Hans_Von_Stuck
loof,Ernst,Loof,7/4/07,German,http://en.wikipedia.org/wiki/Ernst_Loof
scherrer,Albert,Scherrer,2/28/08,Swiss,http://en.wikipedia.org/wiki/Albert_Scherrer
terra,Max,de Terra,10/6/18,Swiss,http://en.wikipedia.org/wiki/Max_de_Terra
hirt,Peter,Hirt,3/30/10,Swiss,http://en.wikipedia.org/wiki/Peter_Hirt
carini,Piero,Carini,3/6/21,Italian,http://en.wikipedia.org/wiki/Piero_Carini
fischer,Rudi,Fischer,4/19/12,Swiss,http://en.wikipedia.org/wiki/Rudi_Fischer
ulmen,Toni,Ulmen,1/25/06,German,http://en.wikipedia.org/wiki/Toni_Ulmen
abecassis,George,Abecassis,3/21/13,British,http://en.wikipedia.org/wiki/George_Abecassis
george_connor,George,Connor,8/16/06,American,http://en.wikipedia.org/wiki/George_Connor_(driver)
rigsby,Jim,Rigsby,6/6/23,American,http://en.wikipedia.org/wiki/Jim_Rigsby
james,Joe,James,5/23/25,American,http://en.wikipedia.org/wiki/Joe_James_(racing_driver)
schindler,Bill,Schindler,3/6/09,American,http://en.wikipedia.org/wiki/Bill_Schindler
fonder,George,Fonder,6/22/17,American,http://en.wikipedia.org/wiki/George_Fonder
banks,Henry,Banks,6/14/13,American,http://en.wikipedia.org/wiki/Henry_Banks
mcdowell,Johnny,McDowell,1/29/15,American,http://en.wikipedia.org/wiki/Johnny_McDowell
miller,Chet,Miller,7/19/02,American,http://en.wikipedia.org/wiki/Chet_Miller
ball,Bobby,Ball,8/26/25,American,http://en.wikipedia.org/wiki/Bobby_Ball_(auto_racer)
tornaco,Charles,de Tornaco,6/7/27,Belgian,http://en.wikipedia.org/wiki/Charles_de_Tornaco
laurent,Roger,Laurent,2/21/13,Belgian,http://en.wikipedia.org/wiki/Roger_Laurent
obrien,Robert,O'Brien,4/11/08,American,http://en.wikipedia.org/wiki/Robert_O%27Brien_(auto_racer)
gaze,Tony,Gaze,2/3/20,Australian,http://en.wikipedia.org/wiki/Tony_Gaze
charrington,Robin,Montgomerie-Charrington,6/23/15,British,http://en.wikipedia.org/wiki/Robin_Montgomerie-Charrington
comotti,Franco,Comotti,7/24/06,Italian,http://en.wikipedia.org/wiki/Franco_Comotti
etancelin,Philippe,Étancelin,1896-12-28,French,http://en.wikipedia.org/wiki/Philippe_%C3%89tancelin
poore,Dennis,Poore,8/19/16,British,http://en.wikipedia.org/wiki/Dennis_Poore
thompson,Eric,Thompson,11/4/19,British,http://en.wikipedia.org/wiki/Eric_Thompson_(racing_driver)
downing,Ken,Downing,12/5/17,British,http://en.wikipedia.org/wiki/Ken_Downing
graham_whitehead,Graham,Whitehead,4/15/22,British,http://en.wikipedia.org/wiki/Graham_Whitehead
bianco,Gino,Bianco,7/22/16,Brazilian,http://en.wikipedia.org/wiki/Gino_Bianco
murray,David,Murray,12/28/09,British,http://en.wikipedia.org/wiki/David_Murray_(driver)
cantoni,Eitel,Cantoni,10/4/06,Uruguayan,http://en.wikipedia.org/wiki/Eitel_Cantoni
aston,Bill,Aston,3/29/00,British,http://en.wikipedia.org/wiki/Bill_Aston
brudes,Adolf,Brudes,1899-10-15,German,http://en.wikipedia.org/wiki/Adolf_Brudes
riess,Fritz,Riess,7/11/22,German,http://en.wikipedia.org/wiki/Fritz_Riess
niedermayr,Helmut,Niedermayr,11/29/15,German,http://en.wikipedia.org/wiki/Helmut_Niedermayr
klenk,Hans,Klenk,10/28/19,German,http://en.wikipedia.org/wiki/Hans_Klenk
balsa,Marcel,Balsa,1/1/09,French,http://en.wikipedia.org/wiki/Marcel_Balsa
schoeller,Rudolf,Schoeller,4/27/02,Swiss,http://en.wikipedia.org/wiki/Rudolf_Schoeller
pietsch,Paul,Pietsch,6/20/11,German,http://en.wikipedia.org/wiki/Paul_Pietsch
peters,Josef,Peters,9/16/14,German,http://en.wikipedia.org/wiki/Josef_Peters_(driver)
lof,Dries,van der Lof,8/23/19,Dutch,http://en.wikipedia.org/wiki/Dries_van_der_Lof
flinterman,Jan,Flinterman,10/2/19,Dutch,http://en.wikipedia.org/wiki/Jan_Flinterman
dusio,Piero,Dusio,1899-10-13,Italian,http://en.wikipedia.org/wiki/Piero_Dusio
crespo,Alberto,Crespo,1/16/20,Argentine,http://en.wikipedia.org/wiki/Alberto_Crespo
rol,Franco,Rol,6/5/08,Italian,http://en.wikipedia.org/wiki/Franco_Rol
sanesi,Consalvo,Sanesi,3/28/11,Italian,http://en.wikipedia.org/wiki/Consalvo_Sanesi
guy_mairesse,Guy,Mairesse,8/10/10,French,http://en.wikipedia.org/wiki/Guy_Mairesse
louveau,Henri,Louveau,1/25/10,French,http://en.wikipedia.org/wiki/Henri_Louveau
wallard,Lee,Wallard,9/7/10,American,http://en.wikipedia.org/wiki/Lee_Wallard
forberg,Carl,Forberg,3/4/11,American,http://en.wikipedia.org/wiki/Carl_Forberg
rose,Mauri,Rose,5/26/06,American,http://en.wikipedia.org/wiki/Mauri_Rose
mackey,Bill,Mackey,12/15/27,American,http://en.wikipedia.org/wiki/Bill_Mackey
green,Cecil,Green,9/30/19,American,http://en.wikipedia.org/wiki/Cecil_Green
walt_brown,Walt,Brown,12/30/11,American,http://en.wikipedia.org/wiki/Walt_Brown_(auto_racer)
hellings,Mack,Hellings,9/14/15,American,http://en.wikipedia.org/wiki/Mack_Hellings
levegh,Pierre,Levegh,12/22/05,French,http://en.wikipedia.org/wiki/Pierre_Levegh
chaboud,Eugène,Chaboud,4/12/07,French,http://en.wikipedia.org/wiki/Eug%C3%A8ne_Chaboud
gordini,Aldo,Gordini,5/20/21,French,http://en.wikipedia.org/wiki/Aldo_Gordini
kelly,Joe,Kelly,3/13/13,Irish,http://en.wikipedia.org/wiki/Joe_Kelly_(Formula_One)
parker,Philip,Fotheringham-Parker,9/22/07,British,http://en.wikipedia.org/wiki/Philip_Fotheringham-Parker
shawe_taylor,Brian,Shawe Taylor,1/28/15,British,http://en.wikipedia.org/wiki/Brian_Shawe_Taylor
john_james,John,James,5/10/14,British,http://en.wikipedia.org/wiki/John_James_(auto_racer)
branca,Toni,Branca,9/15/16,Swiss,http://en.wikipedia.org/wiki/Toni_Branca
richardson,Ken,Richardson,8/21/11,British,http://en.wikipedia.org/wiki/Ken_Richardson_(race_car_driver)
jover,Juan,Jover,11/23/03,Spanish,http://en.wikipedia.org/wiki/Juan_Jover
grignard,Georges,Grignard,7/25/05,French,http://en.wikipedia.org/wiki/Georges_Grignard
hampshire,David,Hampshire,12/29/17,British,http://en.wikipedia.org/wiki/David_Hampshire
crossley,Geoff,Crossley,5/11/21,British,http://en.wikipedia.org/wiki/Geoff_Crossley
fagioli,Luigi,Fagioli,1898-06-09,Italian,http://en.wikipedia.org/wiki/Luigi_Fagioli
harrison,Cuth,Harrison,7/6/06,British,http://en.wikipedia.org/wiki/Cuth_Harrison
fry,Joe,Fry,10/26/15,British,http://en.wikipedia.org/wiki/Joe_Fry
martin,Eugène,Martin,3/24/15,French,http://en.wikipedia.org/wiki/Eug%C3%A8ne_Martin
leslie_johnson,Leslie,Johnson,3/22/12,British,http://en.wikipedia.org/wiki/Leslie_Johnson_(racing_driver)
biondetti,Clemente,Biondetti,1898-08-18,Italian,http://en.wikipedia.org/wiki/Clemente_Biondetti
pian,Alfredo,Pián,10/21/12,Argentine,http://en.wikipedia.org/wiki/Alfredo_Pi%C3%A0n
sommer,Raymond,Sommer,8/31/06,French,http://en.wikipedia.org/wiki/Raymond_Sommer
chitwood,Joie,Chitwood,4/14/12,American,http://en.wikipedia.org/wiki/Joie_Chitwood
fohr,Myron,Fohr,6/17/12,American,http://en.wikipedia.org/wiki/Myron_Fohr
ader,Walt,Ader,12/15/13,American,http://en.wikipedia.org/wiki/Walt_Ader
holmes,Jackie,Holmes,9/4/20,American,http://en.wikipedia.org/wiki/Jackie_Holmes
levrett,Bayliss,Levrett,2/14/14,American,http://en.wikipedia.org/wiki/Bayliss_Levrett
jackson,Jimmy,Jackson,7/25/10,American,http://en.wikipedia.org/wiki/Jimmy_Jackson_(driver)
pagani,Nello,Pagani,10/11/11,Italian,http://en.wikipedia.org/wiki/Nello_Pagani
pozzi,Charles,Pozzi,8/27/09,French,http://en.wikipedia.org/wiki/Charles_Pozzi
serafini,Dorino,Serafini,7/22/09,Italian,http://en.wikipedia.org/wiki/Dorino_Serafini
cantrell,Bill,Cantrell,1/31/08,American,http://en.wikipedia.org/wiki/William_Cantrell
mantz,Johnny,Mantz,9/18/18,American,http://en.wikipedia.org/wiki/Johnny_Mantz
kladis,Danny,Kladis,2/10/17,American,http://en.wikipedia.org/wiki/Danny_Kladis
oscar_gonzalez,Óscar,González,11/10/23,Uruguayan,http://en.wikipedia.org/wiki/Oscar_Gonz%C3%A1lez_(racing_driver)
hulkenberg,Nico,Hülkenberg,8/19/87,German,http://en.wikipedia.org/wiki/Nico_H%C3%BClkenberg
petrov,Vitaly,Petrov,9/8/84,Russian,http://en.wikipedia.org/wiki/Vitaly_Petrov
grassi,Lucas,di Grassi,8/11/84,Brazilian,http://en.wikipedia.org/wiki/Lucas_di_Grassi
bruno_senna,Bruno,Senna,10/15/83,Brazilian,http://en.wikipedia.org/wiki/Bruno_Senna
chandhok,Karun,Chandhok,1/19/84,Indian,http://en.wikipedia.org/wiki/Karun_Chandhok
maldonado,Pastor,Maldonado,3/9/85,Venezuelan,http://en.wikipedia.org/wiki/Pastor_Maldonado
resta,Paul,di Resta,4/16/86,British,http://en.wikipedia.org/wiki/Paul_di_Resta
perez,Sergio,Pérez,1/26/90,Mexican,http://en.wikipedia.org/wiki/Sergio_P%C3%A9rez
ambrosio,Jérôme,d'Ambrosio,12/27/85,Belgian,http://en.wikipedia.org/wiki/J%C3%A9r%C3%B4me_d%27Ambrosio
ricciardo,Daniel,Ricciardo,7/1/89,Australian,http://en.wikipedia.org/wiki/Daniel_Ricciardo
vergne,Jean-Éric,Vergne,4/25/90,French,http://en.wikipedia.org/wiki/Jean-%C3%89ric_Vergne
pic,Charles,Pic,2/15/90,French,http://en.wikipedia.org/wiki/Charles_Pic
chilton,Max,Chilton,4/21/91,British,http://en.wikipedia.org/wiki/Max_Chilton
gutierrez,Esteban,Gutiérrez,8/5/91,Mexican,http://en.wikipedia.org/wiki/Esteban_Guti%C3%A9rrez
bottas,Valtteri,Bottas,8/28/89,Finnish,http://en.wikipedia.org/wiki/Valtteri_Bottas
garde,Giedo,van der Garde,4/25/85,Dutch,http://en.wikipedia.org/wiki/Giedo_van_der_Garde
jules_bianchi,Jules,Bianchi,8/3/89,French,http://en.wikipedia.org/wiki/Jules_Bianchi
kevin_magnussen,Kevin,Magnussen,10/5/92,Danish,http://en.wikipedia.org/wiki/Kevin_Magnussen
kvyat,Daniil,Kvyat,4/26/94,Russian,http://en.wikipedia.org/wiki/Daniil_Kvyat
lotterer,André,Lotterer,11/19/81,German,http://en.wikipedia.org/wiki/Andr%C3%A9_Lotterer
ericsson,Marcus,Ericsson,9/2/90,Swedish,http://en.wikipedia.org/wiki/Marcus_Ericsson
stevens,Will,Stevens,6/28/91,British,http://en.wikipedia.org/wiki/Will_Stevens
max_verstappen,Max,Verstappen,9/30/97,Dutch,http://en.wikipedia.org/wiki/Max_Verstappen
nasr,Felipe,Nasr,8/21/92,Brazilian,http://en.wikipedia.org/wiki/Felipe_Nasr
sainz,Carlos,Sainz,9/1/94,Spanish,http://en.wikipedia.org/wiki/Carlos_Sainz_Jr.
merhi,Roberto,Merhi,3/22/91,Spanish,http://en.wikipedia.org/wiki/Roberto_Merhi
rossi,Alexander,Rossi,9/25/91,American,http://en.wikipedia.org/wiki/Alexander_Rossi_%28racing_driver%29
jolyon_palmer,Jolyon,Palmer,1/20/91,British,http://en.wikipedia.org/wiki/Jolyon_Palmer
wehrlein,Pascal,Wehrlein,10/18/94,German,http://en.wikipedia.org/wiki/Pascal_Wehrlein
haryanto,Rio,Haryanto,1/22/93,Indonesian,http://en.wikipedia.org/wiki/Rio_Haryanto
vandoorne,Stoffel,Vandoorne,3/26/92,Belgian,http://en.wikipedia.org/wiki/Stoffel_Vandoorne
ocon,Esteban,Ocon,9/17/96,French,http://en.wikipedia.org/wiki/Esteban_Ocon
stroll,Lance,Stroll,10/29/98,Canadian,http://en.wikipedia.org/wiki/Lance_Stroll
giovinazzi,Antonio,Giovinazzi,12/14/93,Italian,http://en.wikipedia.org/wiki/Antonio_Giovinazzi
brendon_hartley,Brendon,Hartley,11/10/89,New Zealander,http://en.wikipedia.org/wiki/Brendon_Hartley
leclerc,Charles,Leclerc,10/16/97,Monegasque,http://en.wikipedia.org/wiki/Charles_Leclerc
sirotkin,Sergey,Sirotkin,8/27/95,Russian,http://en.wikipedia.org/wiki/Sergey_Sirotkin_(racing_driver)
norris,Lando,Norris,11/13/99,British,http://en.wikipedia.org/wiki/Lando_Norris
russell,George,Russell,2/15/98,British,http://en.wikipedia.org/wiki/George_Russell_(racing_driver)
albon,Alexander,Albon,3/23/96,Thai,http://en.wikipedia.org/wiki/Alexander_Albon
latifi,Nicholas,Latifi,6/29/95,Canadian,http://en.wikipedia.org/wiki/Nicholas_Latifi
pietro_fittipaldi,Pietro,Fittipaldi,6/25/96,Brazilian,http://en.wikipedia.org/wiki/Pietro_Fittipaldi
aitken,Jack,Aitken,9/23/95,British,http://en.wikipedia.org/wiki/Jack_Aitken
tsunoda,Yuki,Tsunoda,5/11/00,Japanese,http://en.wikipedia.org/wiki/Yuki_Tsunoda
mazepin,Nikita,Mazepin,3/2/99,Russian,http://en.wikipedia.org/wiki/Nikita_Mazepin
mick_schumacher,Mick,Schumacher,3/22/99,German,http://en.wikipedia.org/wiki/Mick_Schumacher
zhou,Guanyu,Zhou,5/30/99,Chinese,http://en.wikipedia.org/wiki/Zhou_Guanyu
de_vries,Nyck,de Vries,2/6/95,Dutch,http://en.wikipedia.org/wiki/Nyck_de_Vries
piastri,Oscar,Piastri,4/6/01,Australian,http://en.wikipedia.org/wiki/Oscar_Piastri
sargeant,Logan,Sargeant,12/31/00,American,http://en.wikipedia.org/wiki/Logan_Sargeant